ID	parentID	nameID	provisional	accordingToID	accordingToDate	referenceID	extinct	temporalRangeStart	temporalRangeEnd	lifezone	link	remarks
323	f35a7655-4306b-31394-b89cc-8feaef976	323	0		2019	33	0			Terrestrial		
1271	b9437d17-cab66-d23a1-3ecf6-11e47e3b0	1271	0		2019	144	0			Terrestrial		
161	f08be9bf-b731c-ce7c3-e1785-d4212004d	161	0		2019	62	0			Terrestrial		
628	bccd6869-ed1de-feb4a-db664-fb175e8bd	628	0		2019	10	0			Terrestrial		
1319	c3c4dd8b-da826-04c46-9f09f-1d738ea89	1319	0		2019	8	0			Terrestrial		
650	640	650	0		2019	43	0			Terrestrial		
1361	1244	1361	0		2019	8	0			Terrestrial		
78	eab97acb-3abf1-ca2c5-7439f-d3f69762f	78	0		2019	22	0			Terrestrial		
162	adc5a748-ea928-6e3c8-86ef5-f4c8f0373	162	0		2019	27	0			Terrestrial		
1331	075430b1-83ca4-d7bf6-0bcfe-9e99c476a	1331	0		2019	18	0			Terrestrial		
145	58740837-268b1-95d2d-881f0-44ef79a11	145	0		2019	6	0			Terrestrial		
189	f35a7655-4306b-31394-b89cc-8feaef976	189	0		2019	6	0			Terrestrial		
599	77a24fb5-73808-00131-9c2e3-3987611b9	599	0		2019	12	0			Terrestrial		
740	7ce99f06-635dd-3d710-7864b-db47fb37d	740	0		2019	18	0			Terrestrial		
798	dde8e430-7487f-26e91-6d1eb-f1d324140	798	0		2019	110	0			Terrestrial		
134	0827460b-c960f-669e6-a9ee8-7f105c3d7	134	0		2019	25	0			Terrestrial		
225	f35a7655-4306b-31394-b89cc-8feaef976	225	0		2019	20	0			Terrestrial		
684	7ce99f06-635dd-3d710-7864b-db47fb37d	684	0		2019	10	0			Terrestrial		
756	7ce99f06-635dd-3d710-7864b-db47fb37d	756	0		2019	10	0			Terrestrial		
733	7ce99f06-635dd-3d710-7864b-db47fb37d	733	0		2019	49	0			Terrestrial		
784	7ce99f06-635dd-3d710-7864b-db47fb37d	784	0		2019	10	0			Terrestrial		
804	dde8e430-7487f-26e91-6d1eb-f1d324140	804	0		2019	109	0			Terrestrial		
1349	1205	1349	0		2019	33	0			Terrestrial		
374	b6f9f068-14049-0ec30-77638-09e6630ed	374	0		2019	27	0			Terrestrial		
668	7ce99f06-635dd-3d710-7864b-db47fb37d	668	0		2019	50	0			Terrestrial		
750	7ce99f06-635dd-3d710-7864b-db47fb37d	750	0		2019	10	0			Terrestrial		
71ea9aeb-63ac9-d81e8-5e227-225fab735	4e1c6780-ee556-78401-d9679-8b1ba0fd5	71ea9aeb-63ac9-d81e8-5e227-225fab735	false									
1033	80eae935-1372d-ed78b-e2c34-41fa94d85	1033	0		2019	131	0			Terrestrial		
e4f29b9e-01b70-f1d43-e6f26-73214bfe5	82bd691e-e0f7b-09b8e-fe86f-f6c86369e	e4f29b9e-01b70-f1d43-e6f26-73214bfe5	false									
1278	7006f9e3-2aa4e-3c91d-de563-7c57151bf	1278	0		2019	23	0			Terrestrial		
1112	1051	1112	0		2019	49	0			Terrestrial		
38	7e7a8932-a40d0-09e88-9e36f-54875330a	38	0		2019	3	0			Terrestrial		
95	2114efff-daaad-16c12-4ade6-fc2f4617f	95	0		2019	43	0			Terrestrial		
106	fa0889d7-bc581-0db76-5233e-f7d89d0a9	106	0		2019	29	0			Terrestrial		
297	f35a7655-4306b-31394-b89cc-8feaef976	297	0		2019	6	0			Terrestrial		
b6f9f068-14049-0ec30-77638-09e6630ed	d1734b8c-7b16d-2d726-61b0c-05822e35b	b6f9f068-14049-0ec30-77638-09e6630ed	false									
1237	0cde6156-9748a-28d2f-c2c5c-c6809f046	1237	0		2019		0			Terrestrial		
1354	1236	1354	0		2019	168	0			Terrestrial		
645	52f98d15-6d070-2fcf1-fcb43-c1b3d82f8	645	0		2019	6	0			Terrestrial		
1183	406a3ba9-9947c-3d495-50624-ba7fd6b2a	1183	0		2019		0			Terrestrial		
72e0d009-398ba-7362f-baee5-e48a6eca0	4b066f9e-abc04-d7836-1b8d7-d5f58598f	72e0d009-398ba-7362f-baee5-e48a6eca0	false									
1321	075430b1-83ca4-d7bf6-0bcfe-9e99c476a	1321	0		2019	21	0			Terrestrial		
394f3f4a-fd3c0-10dd5-6151f-c6b10c415	4b066f9e-abc04-d7836-1b8d7-d5f58598f	394f3f4a-fd3c0-10dd5-6151f-c6b10c415	false									
1308	c9cae5de-ea97a-37905-a97b5-b274bfe7a	1308	0		2019	20	0			Terrestrial		
418	329	418	0		2019	70	0			Terrestrial		
244	f35a7655-4306b-31394-b89cc-8feaef976	244	0		2019	70	0			Terrestrial		
720	7ce99f06-635dd-3d710-7864b-db47fb37d	720	0		2019	10	0			Terrestrial		
787	7ce99f06-635dd-3d710-7864b-db47fb37d	787	0		2019	20	0			Terrestrial		
997	5f819269-04a6d-9c6bd-ba546-98216dadd	997	0		2019	117	0			Terrestrial		
1195	406a3ba9-9947c-3d495-50624-ba7fd6b2a	1195	0		2019		0			Terrestrial		
775	7ce99f06-635dd-3d710-7864b-db47fb37d	775	0		2019	10	0			Terrestrial		
401	137	401	0		2019	57	0			Terrestrial		
670	7ce99f06-635dd-3d710-7864b-db47fb37d	670	0		2019	10	0			Terrestrial		
732	7ce99f06-635dd-3d710-7864b-db47fb37d	732	0		2019	10	0			Terrestrial		
1202	969ebf85-704d6-fe27a-78990-064e36cb9	1202	0		2019		0			Terrestrial		
66	a8010abb-2d3a2-c0773-329a0-3790a9aa5	66	0		2019	31	0			Terrestrial		
167	3a6f4776-f0f0d-84a51-7f992-5c085c827	167	0		2019	66	0			Terrestrial		
169	3a6f4776-f0f0d-84a51-7f992-5c085c827	169	0		2019	22	0			Terrestrial		
292	f35a7655-4306b-31394-b89cc-8feaef976	292	0		2019	6	0			Terrestrial		
c35441fc-f8070-23756-f3c58-45978e5b2	ddb1df26-680b3-4488c-943de-edd8a25f6	c35441fc-f8070-23756-f3c58-45978e5b2	false									
638	6c7399d9-283f8-38c4a-93f76-6d6eb1a99	638	0		2019	103	0			Terrestrial		
bd9d7711-03b0b-c4cb2-2de26-a199b6b36	82bd691e-e0f7b-09b8e-fe86f-f6c86369e	bd9d7711-03b0b-c4cb2-2de26-a199b6b36	false									
1365	1254	1365	0		2019	14	0			Terrestrial		
1213	b17522ca-36e49-15879-01600-3c9a5f3e5	1213	0		2019		0			Terrestrial		
45	29	45	0		2019	12	0			Terrestrial		
1338	1172	1338	0		2019	8	0			Terrestrial		
1369	1270	1369	0		2019	18	0			Terrestrial		
155	acd60744-38144-53fc4-f75a8-064b1d22b	155	0		2019	40	0			Terrestrial		
238	f35a7655-4306b-31394-b89cc-8feaef976	238	0		2019	6	0			Terrestrial		
969ebf85-704d6-fe27a-78990-064e36cb9	9245696b-0ec1c-a419b-aecc2-0802ac59e	969ebf85-704d6-fe27a-78990-064e36cb9	false									
826	715	826	0		2019	10	0			Terrestrial		
1343	1178	1343	0		2019	79	0			Terrestrial		
778	7ce99f06-635dd-3d710-7864b-db47fb37d	778	0		2019	10	0			Terrestrial		
417	305	417	0		2019	50	0			Terrestrial		
1375	1286	1375	0		2019	8	0			Terrestrial		
20	d5cc6683-cdf62-83703-166e9-e90e24e7b	20	0		2019	2	0			Terrestrial		
249	f35a7655-4306b-31394-b89cc-8feaef976	249	0		2019	6	0			Terrestrial		
59	a8010abb-2d3a2-c0773-329a0-3790a9aa5	59	0		2019	26	0			Terrestrial		
103	fa0889d7-bc581-0db76-5233e-f7d89d0a9	103	0		2019	20	0			Terrestrial		
118	b9a0faee-27c7e-94c8c-d97ff-2438f3615	118	0		2019	50	0			Terrestrial		
280	f35a7655-4306b-31394-b89cc-8feaef976	280	0		2019	20	0			Terrestrial		
389	0f7eb93e-d1622-3694e-179b2-8e361597a	389	0		2019	91	0			Terrestrial		
291	f35a7655-4306b-31394-b89cc-8feaef976	291	0		2019	79	0			Terrestrial		
348	e51f3d1e-a72bb-556ac-89f57-6f0aa5325	348	0		2019	69	0			Terrestrial		
779	7ce99f06-635dd-3d710-7864b-db47fb37d	779	0		2019	17	0			Terrestrial		
1261	b9437d17-cab66-d23a1-3ecf6-11e47e3b0	1261	0		2019		0			Terrestrial		
832	765	832	0		2019	10	0			Terrestrial		
1106	1045	1106	0		2019	127	0			Terrestrial		
b03e85ca-3a603-183ac-7a5e5-8c546bdd7	b725976c-58191-2a718-89626-4ba9f0303	b03e85ca-3a603-183ac-7a5e5-8c546bdd7	false									
72	eab97acb-3abf1-ca2c5-7439f-d3f69762f	72	0		2019	35	0			Terrestrial		
acd60744-38144-53fc4-f75a8-064b1d22b	e065a982-a38e7-db02d-ca9d6-a677fc085	acd60744-38144-53fc4-f75a8-064b1d22b	false									
350	e51f3d1e-a72bb-556ac-89f57-6f0aa5325	350	0		2019	69	0			Terrestrial		
1180	406a3ba9-9947c-3d495-50624-ba7fd6b2a	1180	0		2019		0			Terrestrial		
215	f35a7655-4306b-31394-b89cc-8feaef976	215	0		2019	10	0			Terrestrial		
1076	16c4b02f-2e34e-99a80-522d6-bc6527ca3	1076	0		2019	147	0			Terrestrial		
413	227	413	0		2019	2	0			Terrestrial		
1377	1287	1377	0		2019	8	0			Terrestrial		
8ca50825-e1038-7795c-1f3b5-e4528e99d	9245696b-0ec1c-a419b-aecc2-0802ac59e	8ca50825-e1038-7795c-1f3b5-e4528e99d	false									
1251	394f3f4a-fd3c0-10dd5-6151f-c6b10c415	1251	0		2019		0			Terrestrial		
98	43a9c281-b9182-d38b6-1ada7-a23a8984f	98	0		2019	45	0			Terrestrial		
672	7ce99f06-635dd-3d710-7864b-db47fb37d	672	0		2019	10	0			Terrestrial		
1295	7006f9e3-2aa4e-3c91d-de563-7c57151bf	1295	0		2019	23	0			Terrestrial		
75	eab97acb-3abf1-ca2c5-7439f-d3f69762f	75	0		2019	22	0			Terrestrial		
237	f35a7655-4306b-31394-b89cc-8feaef976	237	0		2019	75	0			Terrestrial		
1064	16c4b02f-2e34e-99a80-522d6-bc6527ca3	1064	0		2019	87	0			Terrestrial		
1236	0cde6156-9748a-28d2f-c2c5c-c6809f046	1236	0		2019		0			Terrestrial		
626	bccd6869-ed1de-feb4a-db664-fb175e8bd	626	0		2019	10	0			Terrestrial		
1201	969ebf85-704d6-fe27a-78990-064e36cb9	1201	0		2019		0			Terrestrial		
1376	1286	1376	0		2019	21	0			Terrestrial		
84	eab97acb-3abf1-ca2c5-7439f-d3f69762f	84	0		2019	22	0			Terrestrial		
d09e82a3-ccab1-29646-e1e32-b39b70f7b	e764f3aa-700f3-5d902-883eb-f09919bb2	d09e82a3-ccab1-29646-e1e32-b39b70f7b	false									
285	f35a7655-4306b-31394-b89cc-8feaef976	285	0		2019	30	0			Terrestrial		
651	642	651	0		2019	10	0			Terrestrial		
823	675	823	0		2019	33	0			Terrestrial		
a6e076b9-e1b6a-e8bfb-78a18-c84ca573b	b725976c-58191-2a718-89626-4ba9f0303	a6e076b9-e1b6a-e8bfb-78a18-c84ca573b	false									
386	6ec71731-98dcc-5be3f-a9515-b20c961f2	386	0		2019	61	0			Terrestrial		
780	7ce99f06-635dd-3d710-7864b-db47fb37d	780	0		2019	6	0			Terrestrial		
65	a8010abb-2d3a2-c0773-329a0-3790a9aa5	65	0		2019	29	0			Terrestrial		
199	f35a7655-4306b-31394-b89cc-8feaef976	199	0		2019	7	0			Terrestrial		
639	6c7399d9-283f8-38c4a-93f76-6d6eb1a99	639	0		2019	103	0			Terrestrial		
697	7ce99f06-635dd-3d710-7864b-db47fb37d	697	0		2019	33	0			Terrestrial		
728	7ce99f06-635dd-3d710-7864b-db47fb37d	728	0		2019	10	0			Terrestrial		
591	77a24fb5-73808-00131-9c2e3-3987611b9	591	0		2019	12	0			Terrestrial		
1302	c9cae5de-ea97a-37905-a97b5-b274bfe7a	1302	0		2019	165	0			Terrestrial		
1380	1310	1380	0		2019	14,21	0			Terrestrial		
196	f35a7655-4306b-31394-b89cc-8feaef976	196	0		2019	6	0			Terrestrial		
613	d82237fb-a4538-3ec1e-98b7c-7b8f20a54	613	0		2019	79	0			Terrestrial		
300	f35a7655-4306b-31394-b89cc-8feaef976	300	0		2019	80	0			Terrestrial		
661	77dcb8f6-f3fdf-3e709-2ce62-a82cd8f9b	661	0		2019	10	0			Terrestrial		
1015	80eae935-1372d-ed78b-e2c34-41fa94d85	1015	0		2019	67	0			Terrestrial		
1322	075430b1-83ca4-d7bf6-0bcfe-9e99c476a	1322	0		2019	9	0			Terrestrial		
5ef4daeb-61f70-8bbd4-9e276-a93edeeaa	d1734b8c-7b16d-2d726-61b0c-05822e35b	5ef4daeb-61f70-8bbd4-9e276-a93edeeaa	false									
667	7ce99f06-635dd-3d710-7864b-db47fb37d	667	0		2019	10	0			Terrestrial		
5dbe153c-ad5e4-b22fd-36122-98c88b8b3	82bd691e-e0f7b-09b8e-fe86f-f6c86369e	5dbe153c-ad5e4-b22fd-36122-98c88b8b3	false									
075430b1-83ca4-d7bf6-0bcfe-9e99c476a	9245696b-0ec1c-a419b-aecc2-0802ac59e	075430b1-83ca4-d7bf6-0bcfe-9e99c476a	false									
396	131	396	0		2019	22	0			Terrestrial		
1172	2646b4b8-2dea4-3329e-a87f9-832f65e51	1172	0		2019		0			Terrestrial		
1250	394f3f4a-fd3c0-10dd5-6151f-c6b10c415	1250	0		2019		0			Terrestrial		
410	227	410	0		2019	17	0			Terrestrial		
2114efff-daaad-16c12-4ade6-fc2f4617f	e764f3aa-700f3-5d902-883eb-f09919bb2	2114efff-daaad-16c12-4ade6-fc2f4617f	false									
140	58740837-268b1-95d2d-881f0-44ef79a11	140	0		2019	6	0			Terrestrial		
220	f35a7655-4306b-31394-b89cc-8feaef976	220	0		2019	6	0			Terrestrial		
362	e51f3d1e-a72bb-556ac-89f57-6f0aa5325	362	0		2019	69	0			Terrestrial		
802	dde8e430-7487f-26e91-6d1eb-f1d324140	802	0		2019	10	0			Terrestrial		
1282	7006f9e3-2aa4e-3c91d-de563-7c57151bf	1282	0		2019	112	0			Terrestrial		
137	0827460b-c960f-669e6-a9ee8-7f105c3d7	137	0		2019	58	0			Terrestrial		
365	e51f3d1e-a72bb-556ac-89f57-6f0aa5325	365	0		2019	83	0			Terrestrial		
632	6c7399d9-283f8-38c4a-93f76-6d6eb1a99	632	0		2019	43	0			Terrestrial		
704	7ce99f06-635dd-3d710-7864b-db47fb37d	704	0		2019	16	0			Terrestrial		
1170	934542e7-beb71-e413e-cbe3e-24d8661b0	1170	0		2019		0			Terrestrial		
1293	7006f9e3-2aa4e-3c91d-de563-7c57151bf	1293	0		2019	112	0			Terrestrial		
1	7b8abb0e-8584c-ce81e-8a88a-9e9b6c657	1	0		2019	10	0			Terrestrial		
63f3fb75-7496a-d554b-31679-c98a4ffae	b725976c-58191-2a718-89626-4ba9f0303	63f3fb75-7496a-d554b-31679-c98a4ffae	false									
37	7e7a8932-a40d0-09e88-9e36f-54875330a	37	0		2019	15	0			Terrestrial		
193	f35a7655-4306b-31394-b89cc-8feaef976	193	0		2019	6	0			Terrestrial		
703	7ce99f06-635dd-3d710-7864b-db47fb37d	703	0		2019	10	0			Terrestrial		
264	f35a7655-4306b-31394-b89cc-8feaef976	264	0		2019	54	0			Terrestrial		
762	7ce99f06-635dd-3d710-7864b-db47fb37d	762	0		2019	108	0			Terrestrial		
646	607	646	0		2019	12	0			Terrestrial		
1355	1238	1355	0		2019	8	0			Terrestrial		
1379	1308	1379	0		2019	21	0			Terrestrial		
822	666	822	0		2019	10	0			Terrestrial		
163	e065a982-a38e7-db02d-ca9d6-a677fc085	163	0		2019	63	0			Terrestrial		
226	f35a7655-4306b-31394-b89cc-8feaef976	226	0		2019	7	0			Terrestrial		
301	f35a7655-4306b-31394-b89cc-8feaef976	301	0		2019	17	0			Terrestrial		
332	f35a7655-4306b-31394-b89cc-8feaef976	332	0		2019	28	0			Terrestrial		
721	7ce99f06-635dd-3d710-7864b-db47fb37d	721	0		2019	71	0			Terrestrial		
248	f35a7655-4306b-31394-b89cc-8feaef976	248	0		2019	16	0			Terrestrial		
360	e51f3d1e-a72bb-556ac-89f57-6f0aa5325	360	0		2019	69	0			Terrestrial		
759	7ce99f06-635dd-3d710-7864b-db47fb37d	759	0		2019	10	0			Terrestrial		
1000	8554ed7e-e0bbb-d2f22-0cd01-f6cb9b8b9	1000	0		2019	118	0			Terrestrial		
1198	bb6fd331-b9a1c-55319-9241c-9fcb419cf	1198	0		2019		0			Terrestrial		
87	eab97acb-3abf1-ca2c5-7439f-d3f69762f	87	0		2019	22	0			Terrestrial		
1225	b17522ca-36e49-15879-01600-3c9a5f3e5	1225	0		2019		0			Terrestrial		
398	135	398	0		2019	57	0			Terrestrial		
1341	1177	1341	0		2019	8	0			Terrestrial		
242	f35a7655-4306b-31394-b89cc-8feaef976	242	0		2019	73	0			Terrestrial		
1005	8554ed7e-e0bbb-d2f22-0cd01-f6cb9b8b9	1005	0		2019	118	0			Terrestrial		
1028	80eae935-1372d-ed78b-e2c34-41fa94d85	1028	0		2019	133	0			Terrestrial		
1072	16c4b02f-2e34e-99a80-522d6-bc6527ca3	1072	0		2019	65	0			Terrestrial		
1182	406a3ba9-9947c-3d495-50624-ba7fd6b2a	1182	0		2019		0			Terrestrial		
12	63f3fb75-7496a-d554b-31679-c98a4ffae	12	0		2019	11	0			Terrestrial		
33	7e7a8932-a40d0-09e88-9e36f-54875330a	33	0		2019	14	0			Terrestrial		
610	d97d614f-b2f4e-d6f3b-b31ac-a9443eb53	610	0		2019	76	0			Terrestrial		
43	2	43	0		2019	15	0			Terrestrial		
223	f35a7655-4306b-31394-b89cc-8feaef976	223	0		2019	6	0			Terrestrial		
294	f35a7655-4306b-31394-b89cc-8feaef976	294	0		2019	6	0			Terrestrial		
741	7ce99f06-635dd-3d710-7864b-db47fb37d	741	0		2019	10	0			Terrestrial		
1218	b17522ca-36e49-15879-01600-3c9a5f3e5	1218	0		2019		0			Terrestrial		
1315	72e0d009-398ba-7362f-baee5-e48a6eca0	1315	0		2019	21	0			Terrestrial		
123	b9a0faee-27c7e-94c8c-d97ff-2438f3615	123	0		2019	50	0			Terrestrial		
263	f35a7655-4306b-31394-b89cc-8feaef976	263	0		2019	6	0			Terrestrial		
388	0f7eb93e-d1622-3694e-179b2-8e361597a	388	0		2019	37	0			Terrestrial		
758	7ce99f06-635dd-3d710-7864b-db47fb37d	758	0		2019	73	0			Terrestrial		
789	7ce99f06-635dd-3d710-7864b-db47fb37d	789	0		2019	20	0			Terrestrial		
266	f35a7655-4306b-31394-b89cc-8feaef976	266	0		2019	6	0			Terrestrial		
1301	c9cae5de-ea97a-37905-a97b5-b274bfe7a	1301	0		2019	165	0			Terrestrial		
715	7ce99f06-635dd-3d710-7864b-db47fb37d	715	0		2019	20	0			Terrestrial		
1258	394f3f4a-fd3c0-10dd5-6151f-c6b10c415	1258	0		2019		0			Terrestrial		
25	d5cc6683-cdf62-83703-166e9-e90e24e7b	25	0		2019	15	0			Terrestrial		
93073505-ccf2d-1fef2-72bdb-cd80e47c7	b725976c-58191-2a718-89626-4ba9f0303	93073505-ccf2d-1fef2-72bdb-cd80e47c7	false									
64	a8010abb-2d3a2-c0773-329a0-3790a9aa5	64	0		2019	30	0			Terrestrial		
102	fa0889d7-bc581-0db76-5233e-f7d89d0a9	102	0		2019	28	0			Terrestrial		
368	e51f3d1e-a72bb-556ac-89f57-6f0aa5325	368	0		2019	83	0			Terrestrial		
434	376	434	0		2019	69	0			Terrestrial		
233	f35a7655-4306b-31394-b89cc-8feaef976	233	0		2019	10	0			Terrestrial		
312	f35a7655-4306b-31394-b89cc-8feaef976	312	0		2019	6	0			Terrestrial		
1175	feeccf2f-e2986-388df-ee099-6bb349c4c	1175	0		2019		0			Terrestrial		
1240	0cde6156-9748a-28d2f-c2c5c-c6809f046	1240	0		2019		0			Terrestrial		
1252	394f3f4a-fd3c0-10dd5-6151f-c6b10c415	1252	0		2019		0			Terrestrial		
229	f35a7655-4306b-31394-b89cc-8feaef976	229	0		2019	73	0			Terrestrial		
344	b4590ab6-d44a0-9c323-3286d-3f8859fc8	344	0		2019	69	0			Terrestrial		
719	7ce99f06-635dd-3d710-7864b-db47fb37d	719	0		2019	10	0			Terrestrial		
1196	8ca50825-e1038-7795c-1f3b5-e4528e99d	1196	0		2019		0			Terrestrial		
729	7ce99f06-635dd-3d710-7864b-db47fb37d	729	0		2019	10	0			Terrestrial		
139	58740837-268b1-95d2d-881f0-44ef79a11	139	0		2019	44	0			Terrestrial		
268	f35a7655-4306b-31394-b89cc-8feaef976	268	0		2019	6	0			Terrestrial		
317	f35a7655-4306b-31394-b89cc-8feaef976	317	0		2019	6	0			Terrestrial		
696	7ce99f06-635dd-3d710-7864b-db47fb37d	696	0		2019	10	0			Terrestrial		
712	7ce99f06-635dd-3d710-7864b-db47fb37d	712	0		2019	6	0			Terrestrial		
211	f35a7655-4306b-31394-b89cc-8feaef976	211	0		2019	6	0			Terrestrial		
b17522ca-36e49-15879-01600-3c9a5f3e5	4b066f9e-abc04-d7836-1b8d7-d5f58598f	b17522ca-36e49-15879-01600-3c9a5f3e5	false									
1291	7006f9e3-2aa4e-3c91d-de563-7c57151bf	1291	0		2019	112	0			Terrestrial		
270	f35a7655-4306b-31394-b89cc-8feaef976	270	0		2019	6	0			Terrestrial		
1063	16c4b02f-2e34e-99a80-522d6-bc6527ca3	1063	0		2019	143	0			Terrestrial		
662	77dcb8f6-f3fdf-3e709-2ce62-a82cd8f9b	662	0		2019	105	0			Terrestrial		
738	7ce99f06-635dd-3d710-7864b-db47fb37d	738	0		2019	10	0			Terrestrial		
820	664	820	0		2019	112	0			Terrestrial		
1339	1176	1339	0		2019	21	0			Terrestrial		
150	58740837-268b1-95d2d-881f0-44ef79a11	150	0		2019	17	0			Terrestrial		
785	7ce99f06-635dd-3d710-7864b-db47fb37d	785	0		2019	20	0			Terrestrial		
1008	80eae935-1372d-ed78b-e2c34-41fa94d85	1008	0		2019	82	0			Terrestrial		
1228	b17522ca-36e49-15879-01600-3c9a5f3e5	1228	0		2019		0			Terrestrial		
88	2114efff-daaad-16c12-4ade6-fc2f4617f	88	0		2019	6	0			Terrestrial		
760	7ce99f06-635dd-3d710-7864b-db47fb37d	760	0		2019	10	0			Terrestrial		
790	7ce99f06-635dd-3d710-7864b-db47fb37d	790	0		2019	10	0			Terrestrial		
13d38982-68cef-ab5af-4d99e-6bf63b948	4e1c6780-ee556-78401-d9679-8b1ba0fd5	13d38982-68cef-ab5af-4d99e-6bf63b948	false									
1038	80eae935-1372d-ed78b-e2c34-41fa94d85	1038	0		2019	138	0			Terrestrial		
274	f35a7655-4306b-31394-b89cc-8feaef976	274	0		2019	18	0			Terrestrial		
726	7ce99f06-635dd-3d710-7864b-db47fb37d	726	0		2019	10	0			Terrestrial		
745	7ce99f06-635dd-3d710-7864b-db47fb37d	745	0		2019	10	0			Terrestrial		
c144833d-adc8c-6bc9c-afdb8-cb6461786	9245696b-0ec1c-a419b-aecc2-0802ac59e	c144833d-adc8c-6bc9c-afdb8-cb6461786	false									
427	361	427	0		2019	2	0			Terrestrial		
224	f35a7655-4306b-31394-b89cc-8feaef976	224	0		2019	6	0			Terrestrial		
604	00d4b9ea-8e777-a5ff9-d1ee9-395c03f40	604	0		2019	11	0			Terrestrial		
691	7ce99f06-635dd-3d710-7864b-db47fb37d	691	0		2019	27	0			Terrestrial		
707	7ce99f06-635dd-3d710-7864b-db47fb37d	707	0		2019	10	0			Terrestrial		
1101	e4f29b9e-01b70-f1d43-e6f26-73214bfe5	1101	0		2019	37	0			Terrestrial		
ddb1df26-680b3-4488c-943de-edd8a25f6	bdeddb26-59423-bedcb-9b38d-a2748bc36	ddb1df26-680b3-4488c-943de-edd8a25f6	false									
637	6c7399d9-283f8-38c4a-93f76-6d6eb1a99	637	0		2019	43	0			Terrestrial		
1253	394f3f4a-fd3c0-10dd5-6151f-c6b10c415	1253	0		2019		0			Terrestrial		
1330	075430b1-83ca4-d7bf6-0bcfe-9e99c476a	1330	0		2019	8	0			Terrestrial		
d82237fb-a4538-3ec1e-98b7c-7b8f20a54	ddb1df26-680b3-4488c-943de-edd8a25f6	d82237fb-a4538-3ec1e-98b7c-7b8f20a54	false									
1096	16c4b02f-2e34e-99a80-522d6-bc6527ca3	1096	0		2019	42	0			Terrestrial		
62	a8010abb-2d3a2-c0773-329a0-3790a9aa5	62	0		2019	29	0			Terrestrial		
234	f35a7655-4306b-31394-b89cc-8feaef976	234	0		2019	2	0			Terrestrial		
361	e51f3d1e-a72bb-556ac-89f57-6f0aa5325	361	0		2019	40	0			Terrestrial		
1181	406a3ba9-9947c-3d495-50624-ba7fd6b2a	1181	0		2019		0			Terrestrial		
1292	7006f9e3-2aa4e-3c91d-de563-7c57151bf	1292	0		2019	49	0			Terrestrial		
19	d5cc6683-cdf62-83703-166e9-e90e24e7b	19	0		2019	17	0			Terrestrial		
619	3bdae232-08c3a-2e508-13548-fb2433ff5	619	0		2019	12	0			Terrestrial		
634	6c7399d9-283f8-38c4a-93f76-6d6eb1a99	634	0		2019	103	0			Terrestrial		
1102	e4f29b9e-01b70-f1d43-e6f26-73214bfe5	1102	0		2019	42	0			Terrestrial		
379	b6f9f068-14049-0ec30-77638-09e6630ed	379	0		2019	69	0			Terrestrial		
633	6c7399d9-283f8-38c4a-93f76-6d6eb1a99	633	0		2019	103	0			Terrestrial		
1003	8554ed7e-e0bbb-d2f22-0cd01-f6cb9b8b9	1003	0		2019	118	0			Terrestrial		
63	a8010abb-2d3a2-c0773-329a0-3790a9aa5	63	0		2019	26	0			Terrestrial		
67	a8010abb-2d3a2-c0773-329a0-3790a9aa5	67	0		2019	6	0			Terrestrial		
104	fa0889d7-bc581-0db76-5233e-f7d89d0a9	104	0		2019	6	0			Terrestrial		
203	f35a7655-4306b-31394-b89cc-8feaef976	203	0		2019	17	0			Terrestrial		
322	f35a7655-4306b-31394-b89cc-8feaef976	322	0		2019	6	0			Terrestrial		
1077	16c4b02f-2e34e-99a80-522d6-bc6527ca3	1077	0		2019	48	0			Terrestrial		
406a3ba9-9947c-3d495-50624-ba7fd6b2a	8ca50825-e1038-7795c-1f3b5-e4528e99d	406a3ba9-9947c-3d495-50624-ba7fd6b2a	false									
406	175	406	0		2019	57	0			Terrestrial		
649	628	649	0		2019	10	0			Terrestrial		
113	b9a0faee-27c7e-94c8c-d97ff-2438f3615	113	0		2019	50	0			Terrestrial		
0827460b-c960f-669e6-a9ee8-7f105c3d7	e764f3aa-700f3-5d902-883eb-f09919bb2	0827460b-c960f-669e6-a9ee8-7f105c3d7	false									
290	f35a7655-4306b-31394-b89cc-8feaef976	290	0		2019	33	0			Terrestrial		
1226	b17522ca-36e49-15879-01600-3c9a5f3e5	1226	0		2019		0			Terrestrial		
1233	b17522ca-36e49-15879-01600-3c9a5f3e5	1233	0		2019		0			Terrestrial		
1368	1259	1368	0		2019	28	0			Terrestrial		
29	93073505-ccf2d-1fef2-72bdb-cd80e47c7	29	0		2019	12	0			Terrestrial		
177	2504265a-9425c-1c13b-eb604-b698fdc62	177	0		2019	67	0			Terrestrial		
611	d97d614f-b2f4e-d6f3b-b31ac-a9443eb53	611	0		2019	17	0			Terrestrial		
1310	c9cae5de-ea97a-37905-a97b5-b274bfe7a	1310	0		2019	21	0			Terrestrial		
416	301	416	0		2019	70	0			Terrestrial		
213	f35a7655-4306b-31394-b89cc-8feaef976	213	0		2019	32	0			Terrestrial		
252	f35a7655-4306b-31394-b89cc-8feaef976	252	0		2019	76	0			Terrestrial		
644	52f98d15-6d070-2fcf1-fcb43-c1b3d82f8	644	0		2019	10	0			Terrestrial		
811	dde8e430-7487f-26e91-6d1eb-f1d324140	811	0		2019	111	0			Terrestrial		
1042	80eae935-1372d-ed78b-e2c34-41fa94d85	1042	0		2019	133	0			Terrestrial		
26cb4575-418be-5c379-524aa-bef4fd5b2	b725976c-58191-2a718-89626-4ba9f0303	26cb4575-418be-5c379-524aa-bef4fd5b2	false									
391	0f7eb93e-d1622-3694e-179b2-8e361597a	391	0		2019	2	0			Terrestrial		
737	7ce99f06-635dd-3d710-7864b-db47fb37d	737	0		2019	10	0			Terrestrial		
772	7ce99f06-635dd-3d710-7864b-db47fb37d	772	0		2019	2	0			Terrestrial		
262	f35a7655-4306b-31394-b89cc-8feaef976	262	0		2019	28	0			Terrestrial		
814	dde8e430-7487f-26e91-6d1eb-f1d324140	814	0		2019	79	0			Terrestrial		
1024	80eae935-1372d-ed78b-e2c34-41fa94d85	1024	0		2019	129	0			Terrestrial		
1248	7fa24171-44e87-1edd7-e95d8-ffa9b2e44	1248	0		2019		0			Terrestrial		
1314	72e0d009-398ba-7362f-baee5-e48a6eca0	1314	0		2019	21	0			Terrestrial		
194	f35a7655-4306b-31394-b89cc-8feaef976	194	0		2019	20	0			Terrestrial		
320	f35a7655-4306b-31394-b89cc-8feaef976	320	0		2019	70	0			Terrestrial		
26	d5cc6683-cdf62-83703-166e9-e90e24e7b	26	0		2019	6	0			Terrestrial		
82bd691e-e0f7b-09b8e-fe86f-f6c86369e	269ce968-6ba08-87132-21a63-e1170048f	82bd691e-e0f7b-09b8e-fe86f-f6c86369e	false									
999	8554ed7e-e0bbb-d2f22-0cd01-f6cb9b8b9	999	0		2019	82	0			Terrestrial		
711	7ce99f06-635dd-3d710-7864b-db47fb37d	711	0		2019	6	0			Terrestrial		
713	7ce99f06-635dd-3d710-7864b-db47fb37d	713	0		2019	10	0			Terrestrial		
752	7ce99f06-635dd-3d710-7864b-db47fb37d	752	0		2019	10	0			Terrestrial		
85	eab97acb-3abf1-ca2c5-7439f-d3f69762f	85	0		2019	27	0			Terrestrial		
269	f35a7655-4306b-31394-b89cc-8feaef976	269	0		2019	20	0			Terrestrial		
352	e51f3d1e-a72bb-556ac-89f57-6f0aa5325	352	0		2019	83	0			Terrestrial		
629	bccd6869-ed1de-feb4a-db664-fb175e8bd	629	0		2019	10	0			Terrestrial		
701	7ce99f06-635dd-3d710-7864b-db47fb37d	701	0		2019	10	0			Terrestrial		
810	dde8e430-7487f-26e91-6d1eb-f1d324140	810	0		2019	10	0			Terrestrial		
1048	80eae935-1372d-ed78b-e2c34-41fa94d85	1048	0		2019	140	0			Terrestrial		
351	e51f3d1e-a72bb-556ac-89f57-6f0aa5325	351	0		2019	69	0			Terrestrial		
595	77a24fb5-73808-00131-9c2e3-3987611b9	595	0		2019	12	0			Terrestrial		
753	7ce99f06-635dd-3d710-7864b-db47fb37d	753	0		2019	20	0			Terrestrial		
1103	1025	1103	0		2019	151	0			Terrestrial		
a8010abb-2d3a2-c0773-329a0-3790a9aa5	e764f3aa-700f3-5d902-883eb-f09919bb2	a8010abb-2d3a2-c0773-329a0-3790a9aa5	false									
1111	1051	1111	0		2019	23	0			Terrestrial		
120	b9a0faee-27c7e-94c8c-d97ff-2438f3615	120	0		2019	50	0			Terrestrial		
765	7ce99f06-635dd-3d710-7864b-db47fb37d	765	0		2019	45	0			Terrestrial		
808	dde8e430-7487f-26e91-6d1eb-f1d324140	808	0		2019	13	0			Terrestrial		
80	eab97acb-3abf1-ca2c5-7439f-d3f69762f	80	0		2019	22	0			Terrestrial		
109	fa0889d7-bc581-0db76-5233e-f7d89d0a9	109	0		2019	27	0			Terrestrial		
e065a982-a38e7-db02d-ca9d6-a677fc085	e764f3aa-700f3-5d902-883eb-f09919bb2	e065a982-a38e7-db02d-ca9d6-a677fc085	false									
660	c4db8882-42273-61617-57fc9-b6d0d6a5e	660	0		2019	50	0			Terrestrial		
763	7ce99f06-635dd-3d710-7864b-db47fb37d	763	0		2019	73	0			Terrestrial		
640	6c7399d9-283f8-38c4a-93f76-6d6eb1a99	640	0		2019	100	0			Terrestrial		
1031	80eae935-1372d-ed78b-e2c34-41fa94d85	1031	0		2019	135	0			Terrestrial		
ca30a689-c8c10-832c6-154d9-dfccc60b1	b725976c-58191-2a718-89626-4ba9f0303	ca30a689-c8c10-832c6-154d9-dfccc60b1	false									
1179	65c9e117-3ff3b-5b84a-e1255-ac8ed4c8f	1179	0		2019		0			Terrestrial		
16	d5cc6683-cdf62-83703-166e9-e90e24e7b	16	0		2019	17	0			Terrestrial		
340	b4590ab6-d44a0-9c323-3286d-3f8859fc8	340	0		2019	64	0			Terrestrial		
597	77a24fb5-73808-00131-9c2e3-3987611b9	597	0		2019	12	0			Terrestrial		
1029	80eae935-1372d-ed78b-e2c34-41fa94d85	1029	0		2019	134	0			Terrestrial		
392	88	392	0		2019	92	0			Terrestrial		
424	359	424	0		2019	69	0			Terrestrial		
306	f35a7655-4306b-31394-b89cc-8feaef976	306	0		2019	6	0			Terrestrial		
627	bccd6869-ed1de-feb4a-db664-fb175e8bd	627	0		2019	10	0			Terrestrial		
783	7ce99f06-635dd-3d710-7864b-db47fb37d	783	0		2019	6	0			Terrestrial		
1006	80eae935-1372d-ed78b-e2c34-41fa94d85	1006	0		2019	120	0			Terrestrial		
1317	c3c4dd8b-da826-04c46-9f09f-1d738ea89	1317	0		2019	21	0			Terrestrial		
797	dde8e430-7487f-26e91-6d1eb-f1d324140	797	0		2019	109	0			Terrestrial		
1208	b17522ca-36e49-15879-01600-3c9a5f3e5	1208	0		2019		0			Terrestrial		
179	2504265a-9425c-1c13b-eb604-b698fdc62	179	0		2019	37	0			Terrestrial		
664	77dcb8f6-f3fdf-3e709-2ce62-a82cd8f9b	664	0		2019	6	0			Terrestrial		
1018	80eae935-1372d-ed78b-e2c34-41fa94d85	1018	0		2019	80	0			Terrestrial		
e51f3d1e-a72bb-556ac-89f57-6f0aa5325	d1734b8c-7b16d-2d726-61b0c-05822e35b	e51f3d1e-a72bb-556ac-89f57-6f0aa5325	false									
b9437d17-cab66-d23a1-3ecf6-11e47e3b0	4b066f9e-abc04-d7836-1b8d7-d5f58598f	b9437d17-cab66-d23a1-3ecf6-11e47e3b0	false									
426	361	426	0		2019	69	0			Terrestrial		
1231	b17522ca-36e49-15879-01600-3c9a5f3e5	1231	0		2019		0			Terrestrial		
433	374	433	0		2019	69	0			Terrestrial		
13	63f3fb75-7496a-d554b-31679-c98a4ffae	13	0		2019	11	0			Terrestrial		
377	b6f9f068-14049-0ec30-77638-09e6630ed	377	0		2019	69	0			Terrestrial		
80eae935-1372d-ed78b-e2c34-41fa94d85	82bd691e-e0f7b-09b8e-fe86f-f6c86369e	80eae935-1372d-ed78b-e2c34-41fa94d85	false									
1200	969ebf85-704d6-fe27a-78990-064e36cb9	1200	0		2019		0			Terrestrial		
4b066f9e-abc04-d7836-1b8d7-d5f58598f	9245696b-0ec1c-a419b-aecc2-0802ac59e	4b066f9e-abc04-d7836-1b8d7-d5f58598f	false									
412	227	412	0		2019	6	0			Terrestrial		
5	ca30a689-c8c10-832c6-154d9-dfccc60b1	5	0		2019	13	0			Terrestrial		
636	6c7399d9-283f8-38c4a-93f76-6d6eb1a99	636	0		2019	103	0			Terrestrial		
795	dde8e430-7487f-26e91-6d1eb-f1d324140	795	0		2019	109	0			Terrestrial		
1039	80eae935-1372d-ed78b-e2c34-41fa94d85	1039	0		2019	130	0			Terrestrial		
394	129	394	0		2019	55	0			Terrestrial		
739	7ce99f06-635dd-3d710-7864b-db47fb37d	739	0		2019	6	0			Terrestrial		
1051	16c4b02f-2e34e-99a80-522d6-bc6527ca3	1051	0		2019	30	0			Terrestrial		
431	368	431	0		2019	69	0			Terrestrial		
24	d5cc6683-cdf62-83703-166e9-e90e24e7b	24	0		2019	6	0			Terrestrial		
235	f35a7655-4306b-31394-b89cc-8feaef976	235	0		2019	6	0			Terrestrial		
624	3bdae232-08c3a-2e508-13548-fb2433ff5	624	0		2019	10	0			Terrestrial		
c4db8882-42273-61617-57fc9-b6d0d6a5e	4e1c6780-ee556-78401-d9679-8b1ba0fd5	c4db8882-42273-61617-57fc9-b6d0d6a5e	false									
736	7ce99f06-635dd-3d710-7864b-db47fb37d	736	0		2019	10	0			Terrestrial		
253	f35a7655-4306b-31394-b89cc-8feaef976	253	0		2019	6	0			Terrestrial		
283	f35a7655-4306b-31394-b89cc-8feaef976	283	0		2019	7	0			Terrestrial		
1285	7006f9e3-2aa4e-3c91d-de563-7c57151bf	1285	0		2019	112	0			Terrestrial		
03819042-9758b-09f31-e6cd2-a115edf47	9245696b-0ec1c-a419b-aecc2-0802ac59e	03819042-9758b-09f31-e6cd2-a115edf47	false									
184	f35a7655-4306b-31394-b89cc-8feaef976	184	0		2019	20	0			Terrestrial		
1013	80eae935-1372d-ed78b-e2c34-41fa94d85	1013	0		2019	123	0			Terrestrial		
1073	16c4b02f-2e34e-99a80-522d6-bc6527ca3	1073	0		2019	48	0			Terrestrial		
1099	e4f29b9e-01b70-f1d43-e6f26-73214bfe5	1099	0		2019	150	0			Terrestrial		
436	389	436	0		2019	69	0			Terrestrial		
1085	16c4b02f-2e34e-99a80-522d6-bc6527ca3	1085	0		2019	83	0			Terrestrial		
1104	1025	1104	0		2019	139	0			Terrestrial		
803	dde8e430-7487f-26e91-6d1eb-f1d324140	803	0		2019	10	0			Terrestrial		
1055	16c4b02f-2e34e-99a80-522d6-bc6527ca3	1055	0		2019	84	0			Terrestrial		
1230	b17522ca-36e49-15879-01600-3c9a5f3e5	1230	0		2019		0			Terrestrial		
1353	1236	1353	0		2019	21	0			Terrestrial		
108	fa0889d7-bc581-0db76-5233e-f7d89d0a9	108	0		2019	33	0			Terrestrial		
308	f35a7655-4306b-31394-b89cc-8feaef976	308	0		2019	6	0			Terrestrial		
665	77dcb8f6-f3fdf-3e709-2ce62-a82cd8f9b	665	0		2019	20	0			Terrestrial		
1298	c9cae5de-ea97a-37905-a97b5-b274bfe7a	1298	0		2019	21	0			Terrestrial		
830	747	830	0		2019	10	0			Terrestrial		
305	f35a7655-4306b-31394-b89cc-8feaef976	305	0		2019	33	0			Terrestrial		
994	bd9d7711-03b0b-c4cb2-2de26-a199b6b36	994	0		2019	74	0			Terrestrial		
9245696b-0ec1c-a419b-aecc2-0802ac59e	269ce968-6ba08-87132-21a63-e1170048f	9245696b-0ec1c-a419b-aecc2-0802ac59e	false									
258	f35a7655-4306b-31394-b89cc-8feaef976	258	0		2019	33	0			Terrestrial		
1053	16c4b02f-2e34e-99a80-522d6-bc6527ca3	1053	0		2019	37	0			Terrestrial		
1054	16c4b02f-2e34e-99a80-522d6-bc6527ca3	1054	0		2019	42	0			Terrestrial		
60	a8010abb-2d3a2-c0773-329a0-3790a9aa5	60	0		2019	27	0			Terrestrial		
816	dde8e430-7487f-26e91-6d1eb-f1d324140	816	0		2019	10	0			Terrestrial		
1332	075430b1-83ca4-d7bf6-0bcfe-9e99c476a	1332	0		2019	21	0			Terrestrial		
695	7ce99f06-635dd-3d710-7864b-db47fb37d	695	0		2019	7	0			Terrestrial		
1176	65c9e117-3ff3b-5b84a-e1255-ac8ed4c8f	1176	0		2019		0			Terrestrial		
207	f35a7655-4306b-31394-b89cc-8feaef976	207	0		2019	6	0			Terrestrial		
387	6ec71731-98dcc-5be3f-a9515-b20c961f2	387	0		2019	90	0			Terrestrial		
1348	1205	1348	0		2019	51	0			Terrestrial		
1194	406a3ba9-9947c-3d495-50624-ba7fd6b2a	1194	0		2019		0			Terrestrial		
415	229	415	0		2019	50	0			Terrestrial		
142	58740837-268b1-95d2d-881f0-44ef79a11	142	0		2019	6	0			Terrestrial		
329	f35a7655-4306b-31394-b89cc-8feaef976	329	0		2019	6	0			Terrestrial		
612	d82237fb-a4538-3ec1e-98b7c-7b8f20a54	612	0		2019	23	0			Terrestrial		
717	7ce99f06-635dd-3d710-7864b-db47fb37d	717	0		2019	10	0			Terrestrial		
dde8e430-7487f-26e91-6d1eb-f1d324140	4e1c6780-ee556-78401-d9679-8b1ba0fd5	dde8e430-7487f-26e91-6d1eb-f1d324140	false									
358	e51f3d1e-a72bb-556ac-89f57-6f0aa5325	358	0		2019	83	0			Terrestrial		
359	e51f3d1e-a72bb-556ac-89f57-6f0aa5325	359	0		2019	86	0			Terrestrial		
748	7ce99f06-635dd-3d710-7864b-db47fb37d	748	0		2019	10	0			Terrestrial		
1092	16c4b02f-2e34e-99a80-522d6-bc6527ca3	1092	0		2019	17	0			Terrestrial		
1259	b9437d17-cab66-d23a1-3ecf6-11e47e3b0	1259	0		2019		0			Terrestrial		
1022	80eae935-1372d-ed78b-e2c34-41fa94d85	1022	0		2019	128	0			Terrestrial		
1235	0cde6156-9748a-28d2f-c2c5c-c6809f046	1235	0		2019		0			Terrestrial		
432	372	432	0		2019	69	0			Terrestrial		
111	fa0889d7-bc581-0db76-5233e-f7d89d0a9	111	0		2019	20	0			Terrestrial		
152	58740837-268b1-95d2d-881f0-44ef79a11	152	0		2019	6	0			Terrestrial		
265	f35a7655-4306b-31394-b89cc-8feaef976	265	0		2019	6	0			Terrestrial		
593	77a24fb5-73808-00131-9c2e3-3987611b9	593	0		2019	12	0			Terrestrial		
618	3bdae232-08c3a-2e508-13548-fb2433ff5	618	0		2019	12	0			Terrestrial		
115	b9a0faee-27c7e-94c8c-d97ff-2438f3615	115	0		2019	50	0			Terrestrial		
c2ab9812-bb3da-1dcca-95259-a9c2f99ff	e764f3aa-700f3-5d902-883eb-f09919bb2	c2ab9812-bb3da-1dcca-95259-a9c2f99ff	false									
52f98d15-6d070-2fcf1-fcb43-c1b3d82f8	bdeddb26-59423-bedcb-9b38d-a2748bc36	52f98d15-6d070-2fcf1-fcb43-c1b3d82f8	false									
1091	16c4b02f-2e34e-99a80-522d6-bc6527ca3	1091	0		2019	83	0			Terrestrial		
1324	075430b1-83ca4-d7bf6-0bcfe-9e99c476a	1324	0		2019	20	0			Terrestrial		
1044	80eae935-1372d-ed78b-e2c34-41fa94d85	1044	0		2019	17	0			Terrestrial		
1209	b17522ca-36e49-15879-01600-3c9a5f3e5	1209	0		2019		0			Terrestrial		
1336	1168	1336	0		2019	8	0			Terrestrial		
42	b03e85ca-3a603-183ac-7a5e5-8c546bdd7	42	0		2019	11	0			Terrestrial		
107	fa0889d7-bc581-0db76-5233e-f7d89d0a9	107	0		2019	26	0			Terrestrial		
182	2504265a-9425c-1c13b-eb604-b698fdc62	182	0		2019	20	0			Terrestrial		
243	f35a7655-4306b-31394-b89cc-8feaef976	243	0		2019	20	0			Terrestrial		
791	7ce99f06-635dd-3d710-7864b-db47fb37d	791	0		2019	50	0			Terrestrial		
1366	1254	1366	0		2019	169	0			Terrestrial		
71	a8010abb-2d3a2-c0773-329a0-3790a9aa5	71	0		2019	34	0			Terrestrial		
1219	b17522ca-36e49-15879-01600-3c9a5f3e5	1219	0		2019		0			Terrestrial		
310	f35a7655-4306b-31394-b89cc-8feaef976	310	0		2019	6	0			Terrestrial		
700	7ce99f06-635dd-3d710-7864b-db47fb37d	700	0		2019	10	0			Terrestrial		
378	b6f9f068-14049-0ec30-77638-09e6630ed	378	0		2019	27	0			Terrestrial		
788	7ce99f06-635dd-3d710-7864b-db47fb37d	788	0		2019	10	0			Terrestrial		
7a272cd5-68f1f-cb5d6-b0293-75834f71b	684ec8d0-db827-7c704-b2eb1-c1646f79b	7a272cd5-68f1f-cb5d6-b0293-75834f71b	false									
1222	b17522ca-36e49-15879-01600-3c9a5f3e5	1222	0		2019		0			Terrestrial		
1362	1245	1362	0		2019	21	0			Terrestrial		
255	f35a7655-4306b-31394-b89cc-8feaef976	255	0		2019	20	0			Terrestrial		
1203	969ebf85-704d6-fe27a-78990-064e36cb9	1203	0		2019		0			Terrestrial		
7fa24171-44e87-1edd7-e95d8-ffa9b2e44	4b066f9e-abc04-d7836-1b8d7-d5f58598f	7fa24171-44e87-1edd7-e95d8-ffa9b2e44	false									
117	b9a0faee-27c7e-94c8c-d97ff-2438f3615	117	0		2019	27	0			Terrestrial		
245	f35a7655-4306b-31394-b89cc-8feaef976	245	0		2019	16	0			Terrestrial		
594	77a24fb5-73808-00131-9c2e3-3987611b9	594	0		2019	12	0			Terrestrial		
1084	16c4b02f-2e34e-99a80-522d6-bc6527ca3	1084	0		2019	83	0			Terrestrial		
feeccf2f-e2986-388df-ee099-6bb349c4c	8ca50825-e1038-7795c-1f3b5-e4528e99d	feeccf2f-e2986-388df-ee099-6bb349c4c	false									
1333	075430b1-83ca4-d7bf6-0bcfe-9e99c476a	1333	0		2019	21	0			Terrestrial		
408	209	408	0		2019	11	0			Terrestrial		
144	58740837-268b1-95d2d-881f0-44ef79a11	144	0		2019	17	0			Terrestrial		
598	77a24fb5-73808-00131-9c2e3-3987611b9	598	0		2019	6	0			Terrestrial		
1019	80eae935-1372d-ed78b-e2c34-41fa94d85	1019	0		2019	42	0			Terrestrial		
1088	16c4b02f-2e34e-99a80-522d6-bc6527ca3	1088	0		2019	54	0			Terrestrial		
1318	c3c4dd8b-da826-04c46-9f09f-1d738ea89	1318	0		2019	21	0			Terrestrial		
1217	b17522ca-36e49-15879-01600-3c9a5f3e5	1217	0		2019		0			Terrestrial		
76	eab97acb-3abf1-ca2c5-7439f-d3f69762f	76	0		2019	37	0			Terrestrial		
157	acd60744-38144-53fc4-f75a8-064b1d22b	157	0		2019	22	0			Terrestrial		
0f7eb93e-d1622-3694e-179b2-8e361597a	e764f3aa-700f3-5d902-883eb-f09919bb2	0f7eb93e-d1622-3694e-179b2-8e361597a	false									
3bdae232-08c3a-2e508-13548-fb2433ff5	7a32aab7-5a60f-ac27e-ec066-52ef82af1	3bdae232-08c3a-2e508-13548-fb2433ff5	false									
693	7ce99f06-635dd-3d710-7864b-db47fb37d	693	0		2019	10	0			Terrestrial		
172	3a6f4776-f0f0d-84a51-7f992-5c085c827	172	0		2019	61	0			Terrestrial		
197	f35a7655-4306b-31394-b89cc-8feaef976	197	0		2019	6	0			Terrestrial		
671	7ce99f06-635dd-3d710-7864b-db47fb37d	671	0		2019	10	0			Terrestrial		
685	7ce99f06-635dd-3d710-7864b-db47fb37d	685	0		2019	20	0			Terrestrial		
815	dde8e430-7487f-26e91-6d1eb-f1d324140	815	0		2019	6	0			Terrestrial		
315	f35a7655-4306b-31394-b89cc-8feaef976	315	0		2019	73	0			Terrestrial		
1021	80eae935-1372d-ed78b-e2c34-41fa94d85	1021	0		2019	127	0			Terrestrial		
246	f35a7655-4306b-31394-b89cc-8feaef976	246	0		2019	7	0			Terrestrial		
1017	80eae935-1372d-ed78b-e2c34-41fa94d85	1017	0		2019	125	0			Terrestrial		
1220	b17522ca-36e49-15879-01600-3c9a5f3e5	1220	0		2019		0			Terrestrial		
18	d5cc6683-cdf62-83703-166e9-e90e24e7b	18	0		2019	17	0			Terrestrial		
135	0827460b-c960f-669e6-a9ee8-7f105c3d7	135	0		2019	6	0			Terrestrial		
247	f35a7655-4306b-31394-b89cc-8feaef976	247	0		2019	16	0			Terrestrial		
718	7ce99f06-635dd-3d710-7864b-db47fb37d	718	0		2019	6	0			Terrestrial		
1069	16c4b02f-2e34e-99a80-522d6-bc6527ca3	1069	0		2019	131	0			Terrestrial		
799	dde8e430-7487f-26e91-6d1eb-f1d324140	799	0		2019	110	0			Terrestrial		
1060	16c4b02f-2e34e-99a80-522d6-bc6527ca3	1060	0		2019	143	0			Terrestrial		
1193	406a3ba9-9947c-3d495-50624-ba7fd6b2a	1193	0		2019		0			Terrestrial		
409	227	409	0		2019	17	0			Terrestrial		
385	6ec71731-98dcc-5be3f-a9515-b20c961f2	385	0		2019	42	0			Terrestrial		
781	7ce99f06-635dd-3d710-7864b-db47fb37d	781	0		2019	10	0			Terrestrial		
1313	72e0d009-398ba-7362f-baee5-e48a6eca0	1313	0		2019	21	0			Terrestrial		
81	eab97acb-3abf1-ca2c5-7439f-d3f69762f	81	0		2019	22	0			Terrestrial		
602	00d4b9ea-8e777-a5ff9-d1ee9-395c03f40	602	0		2019	11	0			Terrestrial		
687	7ce99f06-635dd-3d710-7864b-db47fb37d	687	0		2019	10	0			Terrestrial		
768	7ce99f06-635dd-3d710-7864b-db47fb37d	768	0		2019	10	0			Terrestrial		
405	160	405	0		2019	62	0			Terrestrial		
277	f35a7655-4306b-31394-b89cc-8feaef976	277	0		2019	17	0			Terrestrial		
608	d97d614f-b2f4e-d6f3b-b31ac-a9443eb53	608	0		2019	7	0			Terrestrial		
746	7ce99f06-635dd-3d710-7864b-db47fb37d	746	0		2019	6	0			Terrestrial		
1004	8554ed7e-e0bbb-d2f22-0cd01-f6cb9b8b9	1004	0		2019	119	0			Terrestrial		
397	135	397	0		2019	42	0			Terrestrial		
218	f35a7655-4306b-31394-b89cc-8feaef976	218	0		2019	30	0			Terrestrial		
690	7ce99f06-635dd-3d710-7864b-db47fb37d	690	0		2019	20	0			Terrestrial		
1178	65c9e117-3ff3b-5b84a-e1255-ac8ed4c8f	1178	0		2019		0			Terrestrial		
429	364	429	0		2019	69	0			Terrestrial		
827	730	827	0		2019	10	0			Terrestrial		
1347	1205	1347	0		2019	168	0			Terrestrial		
1383	1314	1383	0		2019	21,21	0			Terrestrial		
236	f35a7655-4306b-31394-b89cc-8feaef976	236	0		2019	74	0			Terrestrial		
725	7ce99f06-635dd-3d710-7864b-db47fb37d	725	0		2019	10	0			Terrestrial		
1334	075430b1-83ca4-d7bf6-0bcfe-9e99c476a	1334	0		2019	21	0			Terrestrial		
1382	1312	1382	0		2019	21,21	0			Terrestrial		
175	3a6f4776-f0f0d-84a51-7f992-5c085c827	175	0		2019	64	0			Terrestrial		
796	dde8e430-7487f-26e91-6d1eb-f1d324140	796	0		2019	109	0			Terrestrial		
1032	80eae935-1372d-ed78b-e2c34-41fa94d85	1032	0		2019	129	0			Terrestrial		
98bc0abb-3e27d-48462-7e9c1-3325d2f06	4b066f9e-abc04-d7836-1b8d7-d5f58598f	98bc0abb-3e27d-48462-7e9c1-3325d2f06	false									
201	f35a7655-4306b-31394-b89cc-8feaef976	201	0		2019	6	0			Terrestrial		
345	e51f3d1e-a72bb-556ac-89f57-6f0aa5325	345	0		2019	33	0			Terrestrial		
812	dde8e430-7487f-26e91-6d1eb-f1d324140	812	0		2019	10	0			Terrestrial		
1078	16c4b02f-2e34e-99a80-522d6-bc6527ca3	1078	0		2019	40	0			Terrestrial		
1083	16c4b02f-2e34e-99a80-522d6-bc6527ca3	1083	0		2019	23	0			Terrestrial		
1049	80eae935-1372d-ed78b-e2c34-41fa94d85	1049	0		2019	121	0			Terrestrial		
28	d5cc6683-cdf62-83703-166e9-e90e24e7b	28	0		2019	8	0			Terrestrial		
132	17d5e09e-341e8-bfe12-004a5-69b6f8854	132	0		2019	22	0			Terrestrial		
adc5a748-ea928-6e3c8-86ef5-f4c8f0373	e065a982-a38e7-db02d-ca9d6-a677fc085	adc5a748-ea928-6e3c8-86ef5-f4c8f0373	false									
267	f35a7655-4306b-31394-b89cc-8feaef976	267	0		2019	17	0			Terrestrial		
723	7ce99f06-635dd-3d710-7864b-db47fb37d	723	0		2019	20	0			Terrestrial		
206	f35a7655-4306b-31394-b89cc-8feaef976	206	0		2019	17	0			Terrestrial		
592	77a24fb5-73808-00131-9c2e3-3987611b9	592	0		2019	12	0			Terrestrial		
743	7ce99f06-635dd-3d710-7864b-db47fb37d	743	0		2019	17	0			Terrestrial		
1246	d4ee83c6-5cd80-dd08e-5ff5e-1e25f92db	1246	0		2019		0			Terrestrial		
69	a8010abb-2d3a2-c0773-329a0-3790a9aa5	69	0		2019	28	0			Terrestrial		
195	f35a7655-4306b-31394-b89cc-8feaef976	195	0		2019	28	0			Terrestrial		
259	f35a7655-4306b-31394-b89cc-8feaef976	259	0		2019	73	0			Terrestrial		
313	f35a7655-4306b-31394-b89cc-8feaef976	313	0		2019	169	0			Terrestrial		
346	b4590ab6-d44a0-9c323-3286d-3f8859fc8	346	0		2019	85	0			Terrestrial		
419	329	419	0		2019	70	0			Terrestrial		
1286	7006f9e3-2aa4e-3c91d-de563-7c57151bf	1286	0		2019	112	0			Terrestrial		
1345	1179	1345	0		2019	17	0			Terrestrial		
648	613	648	0		2019	23	0			Terrestrial		
1367	1259	1367	0		2019	170	0			Terrestrial		
40	7e7a8932-a40d0-09e88-9e36f-54875330a	40	0		2019	7	0			Terrestrial		
221	f35a7655-4306b-31394-b89cc-8feaef976	221	0		2019	20	0			Terrestrial		
771	7ce99f06-635dd-3d710-7864b-db47fb37d	771	0		2019	20	0			Terrestrial		
1047	80eae935-1372d-ed78b-e2c34-41fa94d85	1047	0		2019	121	0			Terrestrial		
1066	16c4b02f-2e34e-99a80-522d6-bc6527ca3	1066	0		2019	84	0			Terrestrial		
22	d5cc6683-cdf62-83703-166e9-e90e24e7b	22	0		2019	15	0			Terrestrial		
339	b4590ab6-d44a0-9c323-3286d-3f8859fc8	339	0		2019	82	0			Terrestrial		
642	52f98d15-6d070-2fcf1-fcb43-c1b3d82f8	642	0		2019	10	0			Terrestrial		
77	eab97acb-3abf1-ca2c5-7439f-d3f69762f	77	0		2019	38	0			Terrestrial		
366	e51f3d1e-a72bb-556ac-89f57-6f0aa5325	366	0		2019	87	0			Terrestrial		
769	7ce99f06-635dd-3d710-7864b-db47fb37d	769	0		2019	6	0			Terrestrial		
1030	80eae935-1372d-ed78b-e2c34-41fa94d85	1030	0		2019	58	0			Terrestrial		
1262	b9437d17-cab66-d23a1-3ecf6-11e47e3b0	1262	0		2019		0			Terrestrial		
705	7ce99f06-635dd-3d710-7864b-db47fb37d	705	0		2019	9	0			Terrestrial		
764	7ce99f06-635dd-3d710-7864b-db47fb37d	764	0		2019	10	0			Terrestrial		
1002	8554ed7e-e0bbb-d2f22-0cd01-f6cb9b8b9	1002	0		2019	118	0			Terrestrial		
1071	16c4b02f-2e34e-99a80-522d6-bc6527ca3	1071	0		2019	37	0			Terrestrial		
1204	969ebf85-704d6-fe27a-78990-064e36cb9	1204	0		2019		0			Terrestrial		
186	f35a7655-4306b-31394-b89cc-8feaef976	186	0		2019	6	0			Terrestrial		
239	f35a7655-4306b-31394-b89cc-8feaef976	239	0		2019	16	0			Terrestrial		
674	7ce99f06-635dd-3d710-7864b-db47fb37d	674	0		2019	33	0			Terrestrial		
990	5dbe153c-ad5e4-b22fd-36122-98c88b8b3	990	0		2019	23	0			Terrestrial		
1081	16c4b02f-2e34e-99a80-522d6-bc6527ca3	1081	0		2019	65	0			Terrestrial		
122	b9a0faee-27c7e-94c8c-d97ff-2438f3615	122	0		2019	53	0			Terrestrial		
143	58740837-268b1-95d2d-881f0-44ef79a11	143	0		2019	18	0			Terrestrial		
311	f35a7655-4306b-31394-b89cc-8feaef976	311	0		2019	6	0			Terrestrial		
d97d614f-b2f4e-d6f3b-b31ac-a9443eb53	bdeddb26-59423-bedcb-9b38d-a2748bc36	d97d614f-b2f4e-d6f3b-b31ac-a9443eb53	false									
813	dde8e430-7487f-26e91-6d1eb-f1d324140	813	0		2019	13	0			Terrestrial		
1303	c9cae5de-ea97a-37905-a97b5-b274bfe7a	1303	0		2019	165	0			Terrestrial		
105	fa0889d7-bc581-0db76-5233e-f7d89d0a9	105	0		2019	48	0			Terrestrial		
110	fa0889d7-bc581-0db76-5233e-f7d89d0a9	110	0		2019	44	0			Terrestrial		
216	f35a7655-4306b-31394-b89cc-8feaef976	216	0		2019	6	0			Terrestrial		
694	7ce99f06-635dd-3d710-7864b-db47fb37d	694	0		2019	10	0			Terrestrial		
d4ee83c6-5cd80-dd08e-5ff5e-1e25f92db	4b066f9e-abc04-d7836-1b8d7-d5f58598f	d4ee83c6-5cd80-dd08e-5ff5e-1e25f92db	false									
204	f35a7655-4306b-31394-b89cc-8feaef976	204	0		2019	45	0			Terrestrial		
232	f35a7655-4306b-31394-b89cc-8feaef976	232	0		2019	7	0			Terrestrial		
293	f35a7655-4306b-31394-b89cc-8feaef976	293	0		2019	7	0			Terrestrial		
7751c62d-b01e5-3c853-e7a7f-7cf44c46b	4e1c6780-ee556-78401-d9679-8b1ba0fd5	7751c62d-b01e5-3c853-e7a7f-7cf44c46b	false									
1364	1252	1364	0		2019	169	0			Terrestrial		
214	f35a7655-4306b-31394-b89cc-8feaef976	214	0		2019	6	0			Terrestrial		
1001	8554ed7e-e0bbb-d2f22-0cd01-f6cb9b8b9	1001	0		2019	37	0			Terrestrial		
1359	1243	1359	0		2019	17	0			Terrestrial		
160	f08be9bf-b731c-ce7c3-e1785-d4212004d	160	0		2019	17	0			Terrestrial		
801	dde8e430-7487f-26e91-6d1eb-f1d324140	801	0		2019	51	0			Terrestrial		
7006f9e3-2aa4e-3c91d-de563-7c57151bf	4b066f9e-abc04-d7836-1b8d7-d5f58598f	7006f9e3-2aa4e-3c91d-de563-7c57151bf	false									
b4590ab6-d44a0-9c323-3286d-3f8859fc8	d1734b8c-7b16d-2d726-61b0c-05822e35b	b4590ab6-d44a0-9c323-3286d-3f8859fc8	false									
1010	80eae935-1372d-ed78b-e2c34-41fa94d85	1010	0		2019	122	0			Terrestrial		
1026	80eae935-1372d-ed78b-e2c34-41fa94d85	1026	0		2019	131	0			Terrestrial		
1243	98bc0abb-3e27d-48462-7e9c1-3325d2f06	1243	0		2019		0			Terrestrial		
1300	c9cae5de-ea97a-37905-a97b5-b274bfe7a	1300	0		2019	50	0			Terrestrial		
596	77a24fb5-73808-00131-9c2e3-3987611b9	596	0		2019	6	0			Terrestrial		
709	7ce99f06-635dd-3d710-7864b-db47fb37d	709	0		2019	57	0			Terrestrial		
1079	16c4b02f-2e34e-99a80-522d6-bc6527ca3	1079	0		2019	138	0			Terrestrial		
208	f35a7655-4306b-31394-b89cc-8feaef976	208	0		2019	28	0			Terrestrial		
678	7ce99f06-635dd-3d710-7864b-db47fb37d	678	0		2019	45	0			Terrestrial		
992	5dbe153c-ad5e4-b22fd-36122-98c88b8b3	992	0		2019	115	0			Terrestrial		
1188	406a3ba9-9947c-3d495-50624-ba7fd6b2a	1188	0		2019		0			Terrestrial		
1234	b17522ca-36e49-15879-01600-3c9a5f3e5	1234	0		2019		0			Terrestrial		
1247	7fa24171-44e87-1edd7-e95d8-ffa9b2e44	1247	0		2019		0			Terrestrial		
349	e51f3d1e-a72bb-556ac-89f57-6f0aa5325	349	0		2019	83	0			Terrestrial		
1095	16c4b02f-2e34e-99a80-522d6-bc6527ca3	1095	0		2019	149	0			Terrestrial		
1335	03819042-9758b-09f31-e6cd2-a115edf47	1335	0		2019	8	0			Terrestrial		
414	227	414	0		2019	93	0			Terrestrial		
1014	80eae935-1372d-ed78b-e2c34-41fa94d85	1014	0		2019	87	0			Terrestrial		
65c9e117-3ff3b-5b84a-e1255-ac8ed4c8f	8ca50825-e1038-7795c-1f3b5-e4528e99d	65c9e117-3ff3b-5b84a-e1255-ac8ed4c8f	false									
400	137	400	0		2019	25	0			Terrestrial		
209	f35a7655-4306b-31394-b89cc-8feaef976	209	0		2019	10	0			Terrestrial		
343	e51f3d1e-a72bb-556ac-89f57-6f0aa5325	343	0		2019	84	0			Terrestrial		
727	7ce99f06-635dd-3d710-7864b-db47fb37d	727	0		2019	10	0			Terrestrial		
1094	16c4b02f-2e34e-99a80-522d6-bc6527ca3	1094	0		2019	145	0			Terrestrial		
835	812	835	0		2019	10	0			Terrestrial		
36	7e7a8932-a40d0-09e88-9e36f-54875330a	36	0		2019	16	0			Terrestrial		
735	7ce99f06-635dd-3d710-7864b-db47fb37d	735	0		2019	10	0			Terrestrial		
39	7e7a8932-a40d0-09e88-9e36f-54875330a	39	0		2019	1	0			Terrestrial		
367	e51f3d1e-a72bb-556ac-89f57-6f0aa5325	367	0		2019	69	0			Terrestrial		
824	696	824	0		2019	10	0			Terrestrial		
129	17d5e09e-341e8-bfe12-004a5-69b6f8854	129	0		2019	56	0			Terrestrial		
767	7ce99f06-635dd-3d710-7864b-db47fb37d	767	0		2019	28	0			Terrestrial		
219	f35a7655-4306b-31394-b89cc-8feaef976	219	0		2019	32	0			Terrestrial		
635	6c7399d9-283f8-38c4a-93f76-6d6eb1a99	635	0		2019	104	0			Terrestrial		
809	dde8e430-7487f-26e91-6d1eb-f1d324140	809	0		2019	6	0			Terrestrial		
23	d5cc6683-cdf62-83703-166e9-e90e24e7b	23	0		2019	6	0			Terrestrial		
91	2114efff-daaad-16c12-4ade6-fc2f4617f	91	0		2019	40	0			Terrestrial		
1294	7006f9e3-2aa4e-3c91d-de563-7c57151bf	1294	0		2019	23	0			Terrestrial		
1309	c9cae5de-ea97a-37905-a97b5-b274bfe7a	1309	0		2019	21	0			Terrestrial		
1320	075430b1-83ca4-d7bf6-0bcfe-9e99c476a	1320	0		2019	21	0			Terrestrial		
833	765	833	0		2019	10	0			Terrestrial		
93	2114efff-daaad-16c12-4ade6-fc2f4617f	93	0		2019	22	0			Terrestrial		
9f71199c-ca0be-c7b15-6a74b-8f33f4fd4	d1734b8c-7b16d-2d726-61b0c-05822e35b	9f71199c-ca0be-c7b15-6a74b-8f33f4fd4	false									
698	7ce99f06-635dd-3d710-7864b-db47fb37d	698	0		2019	10	0			Terrestrial		
1210	b17522ca-36e49-15879-01600-3c9a5f3e5	1210	0		2019		0			Terrestrial		
1216	b17522ca-36e49-15879-01600-3c9a5f3e5	1216	0		2019		0			Terrestrial		
131	17d5e09e-341e8-bfe12-004a5-69b6f8854	131	0		2019	31	0			Terrestrial		
170	3a6f4776-f0f0d-84a51-7f992-5c085c827	170	0		2019	22	0			Terrestrial		
1232	b17522ca-36e49-15879-01600-3c9a5f3e5	1232	0		2019		0			Terrestrial		
404	153	404	0		2019	61	0			Terrestrial		
1370	1271	1370	0		2019	21	0			Terrestrial		
188	f35a7655-4306b-31394-b89cc-8feaef976	188	0		2019	28	0			Terrestrial		
281	f35a7655-4306b-31394-b89cc-8feaef976	281	0		2019	28	0			Terrestrial		
1242	98bc0abb-3e27d-48462-7e9c1-3325d2f06	1242	0		2019		0			Terrestrial		
1280	7006f9e3-2aa4e-3c91d-de563-7c57151bf	1280	0		2019	112	0			Terrestrial		
1304	c9cae5de-ea97a-37905-a97b5-b274bfe7a	1304	0		2019	165	0			Terrestrial		
1245	d4ee83c6-5cd80-dd08e-5ff5e-1e25f92db	1245	0		2019		0			Terrestrial		
825	710	825	0		2019	10	0			Terrestrial		
bccd6869-ed1de-feb4a-db664-fb175e8bd	7a32aab7-5a60f-ac27e-ec066-52ef82af1	bccd6869-ed1de-feb4a-db664-fb175e8bd	false									
669	7ce99f06-635dd-3d710-7864b-db47fb37d	669	0		2019	10	0			Terrestrial		
996	5f819269-04a6d-9c6bd-ba546-98216dadd	996	0		2019	115	0			Terrestrial		
128	17d5e09e-341e8-bfe12-004a5-69b6f8854	128	0		2019	55	0			Terrestrial		
190	f35a7655-4306b-31394-b89cc-8feaef976	190	0		2019	54	0			Terrestrial		
276	f35a7655-4306b-31394-b89cc-8feaef976	276	0		2019	20	0			Terrestrial		
298	f35a7655-4306b-31394-b89cc-8feaef976	298	0		2019	17	0			Terrestrial		
622	3bdae232-08c3a-2e508-13548-fb2433ff5	622	0		2019	10	0			Terrestrial		
828	738	828	0		2019	10	0			Terrestrial		
834	779	834	0		2019	6	0			Terrestrial		
342	b4590ab6-d44a0-9c323-3286d-3f8859fc8	342	0		2019	64	0			Terrestrial		
991	5dbe153c-ad5e4-b22fd-36122-98c88b8b3	991	0		2019	114	0			Terrestrial		
1268	b9437d17-cab66-d23a1-3ecf6-11e47e3b0	1268	0		2019	164	0			Terrestrial		
402	137	402	0		2019	57	0			Terrestrial		
1342	1178	1342	0		2019	21	0			Terrestrial		
819	661	819	0		2019	10	0			Terrestrial		
114	b9a0faee-27c7e-94c8c-d97ff-2438f3615	114	0		2019	51	0			Terrestrial		
165	3a6f4776-f0f0d-84a51-7f992-5c085c827	165	0		2019	61	0			Terrestrial		
174	3a6f4776-f0f0d-84a51-7f992-5c085c827	174	0		2019	62	0			Terrestrial		
609	d97d614f-b2f4e-d6f3b-b31ac-a9443eb53	609	0		2019	12	0			Terrestrial		
1277	7006f9e3-2aa4e-3c91d-de563-7c57151bf	1277	0		2019	8	0			Terrestrial		
f08be9bf-b731c-ce7c3-e1785-d4212004d	e065a982-a38e7-db02d-ca9d6-a677fc085	f08be9bf-b731c-ce7c3-e1785-d4212004d	false									
681	7ce99f06-635dd-3d710-7864b-db47fb37d	681	0		2019	10	0			Terrestrial		
1327	075430b1-83ca4-d7bf6-0bcfe-9e99c476a	1327	0		2019	9	0			Terrestrial		
399	137	399	0		2019	57	0			Terrestrial		
57	a8010abb-2d3a2-c0773-329a0-3790a9aa5	57	0		2019	6	0			Terrestrial		
407	192	407	0		2019	7	0			Terrestrial		
43a9c281-b9182-d38b6-1ada7-a23a8984f	d09e82a3-ccab1-29646-e1e32-b39b70f7b	43a9c281-b9182-d38b6-1ada7-a23a8984f	false									
341	e51f3d1e-a72bb-556ac-89f57-6f0aa5325	341	0		2019	83	0			Terrestrial		
1046	80eae935-1372d-ed78b-e2c34-41fa94d85	1046	0		2019	139	0			Terrestrial		
1190	406a3ba9-9947c-3d495-50624-ba7fd6b2a	1190	0		2019		0			Terrestrial		
125	c2ab9812-bb3da-1dcca-95259-a9c2f99ff	125	0		2019	10	0			Terrestrial		
680	7ce99f06-635dd-3d710-7864b-db47fb37d	680	0		2019	10	0			Terrestrial		
692	7ce99f06-635dd-3d710-7864b-db47fb37d	692	0		2019	20	0			Terrestrial		
2	ca30a689-c8c10-832c6-154d9-dfccc60b1	2	0		2019	9	0			Terrestrial		
3	ca30a689-c8c10-832c6-154d9-dfccc60b1	3	0		2019	13	0			Terrestrial		
82	eab97acb-3abf1-ca2c5-7439f-d3f69762f	82	0		2019	22	0			Terrestrial		
127	c2ab9812-bb3da-1dcca-95259-a9c2f99ff	127	0		2019	54	0			Terrestrial		
777	7ce99f06-635dd-3d710-7864b-db47fb37d	777	0		2019	10	0			Terrestrial		
1221	b17522ca-36e49-15879-01600-3c9a5f3e5	1221	0		2019		0			Terrestrial		
c9cae5de-ea97a-37905-a97b5-b274bfe7a	4b066f9e-abc04-d7836-1b8d7-d5f58598f	c9cae5de-ea97a-37905-a97b5-b274bfe7a	false									
79	eab97acb-3abf1-ca2c5-7439f-d3f69762f	79	0		2019	22	0			Terrestrial		
141	58740837-268b1-95d2d-881f0-44ef79a11	141	0		2019	59	0			Terrestrial		
384	6ec71731-98dcc-5be3f-a9515-b20c961f2	384	0		2019	89	0			Terrestrial		
614	c35441fc-f8070-23756-f3c58-45978e5b2	614	0		2019	10	0			Terrestrial		
683	7ce99f06-635dd-3d710-7864b-db47fb37d	683	0		2019	28	0			Terrestrial		
c0cf4317-96d5a-661bc-66c36-54b05543a	9245696b-0ec1c-a419b-aecc2-0802ac59e	c0cf4317-96d5a-661bc-66c36-54b05543a	false									
1224	b17522ca-36e49-15879-01600-3c9a5f3e5	1224	0		2019		0			Terrestrial		
1381	1310	1381	0		2019	21,21	0			Terrestrial		
94	2114efff-daaad-16c12-4ade6-fc2f4617f	94	0		2019	42	0			Terrestrial		
f35a7655-4306b-31394-b89cc-8feaef976	e764f3aa-700f3-5d902-883eb-f09919bb2	f35a7655-4306b-31394-b89cc-8feaef976	false									
275	f35a7655-4306b-31394-b89cc-8feaef976	275	0		2019	17	0			Terrestrial		
330	f35a7655-4306b-31394-b89cc-8feaef976	330	0		2019	54	0			Terrestrial		
1185	406a3ba9-9947c-3d495-50624-ba7fd6b2a	1185	0		2019		0			Terrestrial		
1098	e4f29b9e-01b70-f1d43-e6f26-73214bfe5	1098	0		2019	150	0			Terrestrial		
31	a6e076b9-e1b6a-e8bfb-78a18-c84ca573b	31	0		2019	12	0			Terrestrial		
164	3a6f4776-f0f0d-84a51-7f992-5c085c827	164	0		2019	64	0			Terrestrial		
766	7ce99f06-635dd-3d710-7864b-db47fb37d	766	0		2019	10	0			Terrestrial		
1089	16c4b02f-2e34e-99a80-522d6-bc6527ca3	1089	0		2019	27	0			Terrestrial		
d5cc6683-cdf62-83703-166e9-e90e24e7b	b725976c-58191-2a718-89626-4ba9f0303	d5cc6683-cdf62-83703-166e9-e90e24e7b	false									
231	f35a7655-4306b-31394-b89cc-8feaef976	231	0		2019	17	0			Terrestrial		
7a32aab7-5a60f-ac27e-ec066-52ef82af1	bdeddb26-59423-bedcb-9b38d-a2748bc36	7a32aab7-5a60f-ac27e-ec066-52ef82af1	false									
677	7ce99f06-635dd-3d710-7864b-db47fb37d	677	0		2019	10	0			Terrestrial		
1067	16c4b02f-2e34e-99a80-522d6-bc6527ca3	1067	0		2019	39	0			Terrestrial		
30	93073505-ccf2d-1fef2-72bdb-cd80e47c7	30	0		2019	12	0			Terrestrial		
77a24fb5-73808-00131-9c2e3-3987611b9	bdeddb26-59423-bedcb-9b38d-a2748bc36	77a24fb5-73808-00131-9c2e3-3987611b9	false									
1264	b9437d17-cab66-d23a1-3ecf6-11e47e3b0	1264	0		2019		0			Terrestrial		
34	7e7a8932-a40d0-09e88-9e36f-54875330a	34	0		2019	6	0			Terrestrial		
58740837-268b1-95d2d-881f0-44ef79a11	e764f3aa-700f3-5d902-883eb-f09919bb2	58740837-268b1-95d2d-881f0-44ef79a11	false									
289	f35a7655-4306b-31394-b89cc-8feaef976	289	0		2019	28	0			Terrestrial		
749	7ce99f06-635dd-3d710-7864b-db47fb37d	749	0		2019	49	0			Terrestrial		
776	7ce99f06-635dd-3d710-7864b-db47fb37d	776	0		2019	10	0			Terrestrial		
58	a8010abb-2d3a2-c0773-329a0-3790a9aa5	58	0		2019	6	0			Terrestrial		
256	f35a7655-4306b-31394-b89cc-8feaef976	256	0		2019	6	0			Terrestrial		
336	f35a7655-4306b-31394-b89cc-8feaef976	336	0		2019	17	0			Terrestrial		
643	52f98d15-6d070-2fcf1-fcb43-c1b3d82f8	643	0		2019	6	0			Terrestrial		
1027	80eae935-1372d-ed78b-e2c34-41fa94d85	1027	0		2019	132	0			Terrestrial		
1214	b17522ca-36e49-15879-01600-3c9a5f3e5	1214	0		2019		0			Terrestrial		
257	f35a7655-4306b-31394-b89cc-8feaef976	257	0		2019	70	0			Terrestrial		
321	f35a7655-4306b-31394-b89cc-8feaef976	321	0		2019	17	0			Terrestrial		
363	e51f3d1e-a72bb-556ac-89f57-6f0aa5325	363	0		2019	64	0			Terrestrial		
605	d97d614f-b2f4e-d6f3b-b31ac-a9443eb53	605	0		2019	6	0			Terrestrial		
615	3bdae232-08c3a-2e508-13548-fb2433ff5	615	0		2019	12	0			Terrestrial		
761	7ce99f06-635dd-3d710-7864b-db47fb37d	761	0		2019	10	0			Terrestrial		
198	f35a7655-4306b-31394-b89cc-8feaef976	198	0		2019	8	0			Terrestrial		
356	e51f3d1e-a72bb-556ac-89f57-6f0aa5325	356	0		2019	12	0			Terrestrial		
1363	1245	1363	0		2019	21	0			Terrestrial		
334	f35a7655-4306b-31394-b89cc-8feaef976	334	0		2019	6	0			Terrestrial		
601	00d4b9ea-8e777-a5ff9-d1ee9-395c03f40	601	0		2019	11	0			Terrestrial		
754	7ce99f06-635dd-3d710-7864b-db47fb37d	754	0		2019	78	0			Terrestrial		
1346	1205	1346	0		2019	17	0			Terrestrial		
1255	394f3f4a-fd3c0-10dd5-6151f-c6b10c415	1255	0		2019		0			Terrestrial		
1256	394f3f4a-fd3c0-10dd5-6151f-c6b10c415	1256	0		2019		0			Terrestrial		
821	664	821	0		2019	112	0			Terrestrial		
3a6f4776-f0f0d-84a51-7f992-5c085c827	e764f3aa-700f3-5d902-883eb-f09919bb2	3a6f4776-f0f0d-84a51-7f992-5c085c827	false									
212	f35a7655-4306b-31394-b89cc-8feaef976	212	0		2019	6	0			Terrestrial		
2771c729-00fea-c5f8b-02563-53e224479	d1734b8c-7b16d-2d726-61b0c-05822e35b	2771c729-00fea-c5f8b-02563-53e224479	false									
751	7ce99f06-635dd-3d710-7864b-db47fb37d	751	0		2019	10	0			Terrestrial		
1229	b17522ca-36e49-15879-01600-3c9a5f3e5	1229	0		2019		0			Terrestrial		
689	7ce99f06-635dd-3d710-7864b-db47fb37d	689	0		2019	6	0			Terrestrial		
1287	7006f9e3-2aa4e-3c91d-de563-7c57151bf	1287	0		2019	8	0			Terrestrial		
278	f35a7655-4306b-31394-b89cc-8feaef976	278	0		2019	77	0			Terrestrial		
1045	80eae935-1372d-ed78b-e2c34-41fa94d85	1045	0		2019	80	0			Terrestrial		
1360	1243	1360	0		2019	8	0			Terrestrial		
17d5e09e-341e8-bfe12-004a5-69b6f8854	e764f3aa-700f3-5d902-883eb-f09919bb2	17d5e09e-341e8-bfe12-004a5-69b6f8854	false									
178	2504265a-9425c-1c13b-eb604-b698fdc62	178	0		2019	68	0			Terrestrial		
319	f35a7655-4306b-31394-b89cc-8feaef976	319	0		2019	6	0			Terrestrial		
333	f35a7655-4306b-31394-b89cc-8feaef976	333	0		2019	81	0			Terrestrial		
1041	80eae935-1372d-ed78b-e2c34-41fa94d85	1041	0		2019	17	0			Terrestrial		
1105	1042	1105	0		2019	152	0			Terrestrial		
684ec8d0-db827-7c704-b2eb1-c1646f79b		684ec8d0-db827-7c704-b2eb1-c1646f79b	false									
eab97acb-3abf1-ca2c5-7439f-d3f69762f	e764f3aa-700f3-5d902-883eb-f09919bb2	eab97acb-3abf1-ca2c5-7439f-d3f69762f	false									
260	f35a7655-4306b-31394-b89cc-8feaef976	260	0		2019	20	0			Terrestrial		
806	dde8e430-7487f-26e91-6d1eb-f1d324140	806	0		2019	9	0			Terrestrial		
829	738	829	0		2019	10	0			Terrestrial		
183	2504265a-9425c-1c13b-eb604-b698fdc62	183	0		2019	37	0			Terrestrial		
934542e7-beb71-e413e-cbe3e-24d8661b0	9245696b-0ec1c-a419b-aecc2-0802ac59e	934542e7-beb71-e413e-cbe3e-24d8661b0	false									
2646b4b8-2dea4-3329e-a87f9-832f65e51	9245696b-0ec1c-a419b-aecc2-0802ac59e	2646b4b8-2dea4-3329e-a87f9-832f65e51	false									
1173	2646b4b8-2dea4-3329e-a87f9-832f65e51	1173	0		2019		0			Terrestrial		
148	58740837-268b1-95d2d-881f0-44ef79a11	148	0		2019	6	0			Terrestrial		
288	f35a7655-4306b-31394-b89cc-8feaef976	288	0		2019	6	0			Terrestrial		
353	e51f3d1e-a72bb-556ac-89f57-6f0aa5325	353	0		2019	54	0			Terrestrial		
355	e51f3d1e-a72bb-556ac-89f57-6f0aa5325	355	0		2019	69	0			Terrestrial		
1168	934542e7-beb71-e413e-cbe3e-24d8661b0	1168	0		2019		0			Terrestrial		
373	2771c729-00fea-c5f8b-02563-53e224479	373	0		2019	69	0			Terrestrial		
1189	406a3ba9-9947c-3d495-50624-ba7fd6b2a	1189	0		2019		0			Terrestrial		
435	388	435	0		2019	69	0			Terrestrial		
146	58740837-268b1-95d2d-881f0-44ef79a11	146	0		2019	6	0			Terrestrial		
191	f35a7655-4306b-31394-b89cc-8feaef976	191	0		2019	6	0			Terrestrial		
273	f35a7655-4306b-31394-b89cc-8feaef976	273	0		2019	6	0			Terrestrial		
302	f35a7655-4306b-31394-b89cc-8feaef976	302	0		2019	6	0			Terrestrial		
372	2771c729-00fea-c5f8b-02563-53e224479	372	0		2019	69	0			Terrestrial		
99	43a9c281-b9182-d38b6-1ada7-a23a8984f	99	0		2019	46	0			Terrestrial		
1113	1087	1113	0		2019	74	0			Terrestrial		
44	29	44	0		2019	12	0			Terrestrial		
bdeddb26-59423-bedcb-9b38d-a2748bc36	269ce968-6ba08-87132-21a63-e1170048f	bdeddb26-59423-bedcb-9b38d-a2748bc36	false									
00d4b9ea-8e777-a5ff9-d1ee9-395c03f40	bdeddb26-59423-bedcb-9b38d-a2748bc36	00d4b9ea-8e777-a5ff9-d1ee9-395c03f40	false									
722	7ce99f06-635dd-3d710-7864b-db47fb37d	722	0		2019	69	0			Terrestrial		
998	5f819269-04a6d-9c6bd-ba546-98216dadd	998	0		2019	117	0			Terrestrial		
1284	7006f9e3-2aa4e-3c91d-de563-7c57151bf	1284	0		2019	27	0			Terrestrial		
240	f35a7655-4306b-31394-b89cc-8feaef976	240	0		2019	20	0			Terrestrial		
631	6c7399d9-283f8-38c4a-93f76-6d6eb1a99	631	0		2019	103	0			Terrestrial		
706	7ce99f06-635dd-3d710-7864b-db47fb37d	706	0		2019	6	0			Terrestrial		
710	7ce99f06-635dd-3d710-7864b-db47fb37d	710	0		2019	10	0			Terrestrial		
421	343	421	0		2019	69	0			Terrestrial		
1097	16c4b02f-2e34e-99a80-522d6-bc6527ca3	1097	0		2019	84	0			Terrestrial		
1281	7006f9e3-2aa4e-3c91d-de563-7c57151bf	1281	0		2019	27	0			Terrestrial		
e764f3aa-700f3-5d902-883eb-f09919bb2	269ce968-6ba08-87132-21a63-e1170048f	e764f3aa-700f3-5d902-883eb-f09919bb2	false									
210	f35a7655-4306b-31394-b89cc-8feaef976	210	0		2019	6	0			Terrestrial		
296	f35a7655-4306b-31394-b89cc-8feaef976	296	0		2019	33	0			Terrestrial		
686	7ce99f06-635dd-3d710-7864b-db47fb37d	686	0		2019	6	0			Terrestrial		
1020	80eae935-1372d-ed78b-e2c34-41fa94d85	1020	0		2019	126	0			Terrestrial		
282	f35a7655-4306b-31394-b89cc-8feaef976	282	0		2019	78	0			Terrestrial		
5f819269-04a6d-9c6bd-ba546-98216dadd	82bd691e-e0f7b-09b8e-fe86f-f6c86369e	5f819269-04a6d-9c6bd-ba546-98216dadd	false									
1007	80eae935-1372d-ed78b-e2c34-41fa94d85	1007	0		2019	121	0			Terrestrial		
1052	16c4b02f-2e34e-99a80-522d6-bc6527ca3	1052	0		2019	83	0			Terrestrial		
1290	7006f9e3-2aa4e-3c91d-de563-7c57151bf	1290	0		2019	112	0			Terrestrial		
422	351	422	0		2019	69	0			Terrestrial		
92	2114efff-daaad-16c12-4ade6-fc2f4617f	92	0		2019	41	0			Terrestrial		
100	43a9c281-b9182-d38b6-1ada7-a23a8984f	100	0		2019	47	0			Terrestrial		
133	0827460b-c960f-669e6-a9ee8-7f105c3d7	133	0		2019	25	0			Terrestrial		
158	f08be9bf-b731c-ce7c3-e1785-d4212004d	158	0		2019	17	0			Terrestrial		
d1734b8c-7b16d-2d726-61b0c-05822e35b	e764f3aa-700f3-5d902-883eb-f09919bb2	d1734b8c-7b16d-2d726-61b0c-05822e35b	false									
101	43a9c281-b9182-d38b6-1ada7-a23a8984f	101	0		2019	26	0			Terrestrial		
371	2771c729-00fea-c5f8b-02563-53e224479	371	0		2019	69	0			Terrestrial		
1100	e4f29b9e-01b70-f1d43-e6f26-73214bfe5	1100	0		2019	150	0			Terrestrial		
1177	65c9e117-3ff3b-5b84a-e1255-ac8ed4c8f	1177	0		2019		0			Terrestrial		
1312	c9cae5de-ea97a-37905-a97b5-b274bfe7a	1312	0		2019	21	0			Terrestrial		
73	eab97acb-3abf1-ca2c5-7439f-d3f69762f	73	0		2019	36	0			Terrestrial		
328	f35a7655-4306b-31394-b89cc-8feaef976	328	0		2019	6	0			Terrestrial		
782	7ce99f06-635dd-3d710-7864b-db47fb37d	782	0		2019	9	0			Terrestrial		
1075	16c4b02f-2e34e-99a80-522d6-bc6527ca3	1075	0		2019	138	0			Terrestrial		
1266	b9437d17-cab66-d23a1-3ecf6-11e47e3b0	1266	0		2019		0			Terrestrial		
7e7a8932-a40d0-09e88-9e36f-54875330a	b725976c-58191-2a718-89626-4ba9f0303	7e7a8932-a40d0-09e88-9e36f-54875330a	false									
792	7ce99f06-635dd-3d710-7864b-db47fb37d	792	0		2019	33	0			Terrestrial		
1043	80eae935-1372d-ed78b-e2c34-41fa94d85	1043	0		2019	123	0			Terrestrial		
16c4b02f-2e34e-99a80-522d6-bc6527ca3	82bd691e-e0f7b-09b8e-fe86f-f6c86369e	16c4b02f-2e34e-99a80-522d6-bc6527ca3	false									
74	eab97acb-3abf1-ca2c5-7439f-d3f69762f	74	0		2019	27	0			Terrestrial		
1244	98bc0abb-3e27d-48462-7e9c1-3325d2f06	1244	0		2019		0			Terrestrial		
1265	b9437d17-cab66-d23a1-3ecf6-11e47e3b0	1265	0		2019		0			Terrestrial		
774	7ce99f06-635dd-3d710-7864b-db47fb37d	774	0		2019	20	0			Terrestrial		
8554ed7e-e0bbb-d2f22-0cd01-f6cb9b8b9	82bd691e-e0f7b-09b8e-fe86f-f6c86369e	8554ed7e-e0bbb-d2f22-0cd01-f6cb9b8b9	false									
1034	80eae935-1372d-ed78b-e2c34-41fa94d85	1034	0		2019	136	0			Terrestrial		
9	63f3fb75-7496a-d554b-31679-c98a4ffae	9	0		2019	13	0			Terrestrial		
116	b9a0faee-27c7e-94c8c-d97ff-2438f3615	116	0		2019	50	0			Terrestrial		
130	17d5e09e-341e8-bfe12-004a5-69b6f8854	130	0		2019	31	0			Terrestrial		
286	f35a7655-4306b-31394-b89cc-8feaef976	286	0		2019	6	0			Terrestrial		
673	7ce99f06-635dd-3d710-7864b-db47fb37d	673	0		2019	10	0			Terrestrial		
1350	1226	1350	0		2019	17	0			Terrestrial		
995	06783c2b-e876b-44625-4380c-a8ddbaaab	995	0		2019	20	0			Terrestrial		
1306	c9cae5de-ea97a-37905-a97b5-b274bfe7a	1306	0		2019	166	0			Terrestrial		
156	acd60744-38144-53fc4-f75a8-064b1d22b	156	0		2019	37	0			Terrestrial		
171	3a6f4776-f0f0d-84a51-7f992-5c085c827	171	0		2019	22	0			Terrestrial		
676	7ce99f06-635dd-3d710-7864b-db47fb37d	676	0		2019	10	0			Terrestrial		
1035	80eae935-1372d-ed78b-e2c34-41fa94d85	1035	0		2019	42	0			Terrestrial		
1068	16c4b02f-2e34e-99a80-522d6-bc6527ca3	1068	0		2019	37	0			Terrestrial		
1352	1235	1352	0		2019	21	0			Terrestrial		
7b8abb0e-8584c-ce81e-8a88a-9e9b6c657	b725976c-58191-2a718-89626-4ba9f0303	7b8abb0e-8584c-ce81e-8a88a-9e9b6c657	false									
83	eab97acb-3abf1-ca2c5-7439f-d3f69762f	83	0		2019	39	0			Terrestrial		
168	3a6f4776-f0f0d-84a51-7f992-5c085c827	168	0		2019	22	0			Terrestrial		
625	3bdae232-08c3a-2e508-13548-fb2433ff5	625	0		2019	12	0			Terrestrial		
1273	b9437d17-cab66-d23a1-3ecf6-11e47e3b0	1273	0		2019	23	0			Terrestrial		
1344	1179	1344	0		2019	8	0			Terrestrial		
617	3bdae232-08c3a-2e508-13548-fb2433ff5	617	0		2019	10	0			Terrestrial		
730	7ce99f06-635dd-3d710-7864b-db47fb37d	730	0		2019	20	0			Terrestrial		
1187	406a3ba9-9947c-3d495-50624-ba7fd6b2a	1187	0		2019		0			Terrestrial		
1223	b17522ca-36e49-15879-01600-3c9a5f3e5	1223	0		2019		0			Terrestrial		
1297	c9cae5de-ea97a-37905-a97b5-b274bfe7a	1297	0		2019	51	0			Terrestrial		
314	f35a7655-4306b-31394-b89cc-8feaef976	314	0		2019	6	0			Terrestrial		
1238	0cde6156-9748a-28d2f-c2c5c-c6809f046	1238	0		2019		0			Terrestrial		
1012	80eae935-1372d-ed78b-e2c34-41fa94d85	1012	0		2019	58	0			Terrestrial		
423	359	423	0		2019	83	0			Terrestrial		
166	3a6f4776-f0f0d-84a51-7f992-5c085c827	166	0		2019	65	0			Terrestrial		
180	2504265a-9425c-1c13b-eb604-b698fdc62	180	0		2019	6	0			Terrestrial		
241	f35a7655-4306b-31394-b89cc-8feaef976	241	0		2019	20	0			Terrestrial		
309	f35a7655-4306b-31394-b89cc-8feaef976	309	0		2019	20	0			Terrestrial		
06783c2b-e876b-44625-4380c-a8ddbaaab	82bd691e-e0f7b-09b8e-fe86f-f6c86369e	06783c2b-e876b-44625-4380c-a8ddbaaab	false									
1328	075430b1-83ca4-d7bf6-0bcfe-9e99c476a	1328	0		2019	21	0			Terrestrial		
1372	1271	1372	0		2019	8	0			Terrestrial		
1384	1314	1384	0		2019	17,21	0			Terrestrial		
124	c2ab9812-bb3da-1dcca-95259-a9c2f99ff	124	0		2019	28	0			Terrestrial		
606	d97d614f-b2f4e-d6f3b-b31ac-a9443eb53	606	0		2019	7	0			Terrestrial		
744	7ce99f06-635dd-3d710-7864b-db47fb37d	744	0		2019	107	0			Terrestrial		
1199	c144833d-adc8c-6bc9c-afdb8-cb6461786	1199	0		2019		0			Terrestrial		
1257	394f3f4a-fd3c0-10dd5-6151f-c6b10c415	1257	0		2019		0			Terrestrial		
1062	16c4b02f-2e34e-99a80-522d6-bc6527ca3	1062	0		2019	145	0			Terrestrial		
1296	c9cae5de-ea97a-37905-a97b5-b274bfe7a	1296	0		2019	27	0			Terrestrial		
27	d5cc6683-cdf62-83703-166e9-e90e24e7b	27	0		2019	17	0			Terrestrial		
96	2114efff-daaad-16c12-4ade6-fc2f4617f	96	0		2019	22	0			Terrestrial		
187	f35a7655-4306b-31394-b89cc-8feaef976	187	0		2019	70	0			Terrestrial		
304	f35a7655-4306b-31394-b89cc-8feaef976	304	0		2019	6	0			Terrestrial		
794	7751c62d-b01e5-3c853-e7a7f-7cf44c46b	794	0		2019	14	0			Terrestrial		
1065	16c4b02f-2e34e-99a80-522d6-bc6527ca3	1065	0		2019	146	0			Terrestrial		
1191	406a3ba9-9947c-3d495-50624-ba7fd6b2a	1191	0		2019		0			Terrestrial		
1481	c9cae5de-ea97a-37905-a97b5-b274bfe7a	1481	0		2019		0			Terrestrial		
185	f35a7655-4306b-31394-b89cc-8feaef976	185	0		2019	49	0			Terrestrial		
77dcb8f6-f3fdf-3e709-2ce62-a82cd8f9b	71ea9aeb-63ac9-d81e8-5e227-225fab735	77dcb8f6-f3fdf-3e709-2ce62-a82cd8f9b	false									
675	7ce99f06-635dd-3d710-7864b-db47fb37d	675	0		2019	6	0			Terrestrial		
699	7ce99f06-635dd-3d710-7864b-db47fb37d	699	0		2019	33	0			Terrestrial		
818	dde8e430-7487f-26e91-6d1eb-f1d324140	818	0		2019	13	0			Terrestrial		
1371	1271	1371	0		2019	28	0			Terrestrial		
1305	c9cae5de-ea97a-37905-a97b5-b274bfe7a	1305	0		2019	166	0			Terrestrial		
1351	1235	1351	0		2019	79	0			Terrestrial		
228	f35a7655-4306b-31394-b89cc-8feaef976	228	0		2019	70	0			Terrestrial		
666	7ce99f06-635dd-3d710-7864b-db47fb37d	666	0		2019	106	0			Terrestrial		
773	7ce99f06-635dd-3d710-7864b-db47fb37d	773	0		2019	10	0			Terrestrial		
1025	80eae935-1372d-ed78b-e2c34-41fa94d85	1025	0		2019	130	0			Terrestrial		
bb6fd331-b9a1c-55319-9241c-9fcb419cf	9245696b-0ec1c-a419b-aecc2-0802ac59e	bb6fd331-b9a1c-55319-9241c-9fcb419cf	false									
121	b9a0faee-27c7e-94c8c-d97ff-2438f3615	121	0		2019	53	0			Terrestrial		
734	7ce99f06-635dd-3d710-7864b-db47fb37d	734	0		2019	6	0			Terrestrial		
411	227	411	0		2019	17	0			Terrestrial		
1340	1177	1340	0		2019	100	0			Terrestrial		
b725976c-58191-2a718-89626-4ba9f0303	269ce968-6ba08-87132-21a63-e1170048f	b725976c-58191-2a718-89626-4ba9f0303	false									
173	3a6f4776-f0f0d-84a51-7f992-5c085c827	173	0		2019	61	0			Terrestrial		
192	f35a7655-4306b-31394-b89cc-8feaef976	192	0		2019	71	0			Terrestrial		
647	609	647	0		2019	12	0			Terrestrial		
1337	1168	1337	0		2019	8	0			Terrestrial		
325	f35a7655-4306b-31394-b89cc-8feaef976	325	0		2019	28	0			Terrestrial		
390	0f7eb93e-d1622-3694e-179b2-8e361597a	390	0		2019	37	0			Terrestrial		
714	7ce99f06-635dd-3d710-7864b-db47fb37d	714	0		2019	10	0			Terrestrial		
1023	80eae935-1372d-ed78b-e2c34-41fa94d85	1023	0		2019	120	0			Terrestrial		
1207	c0cf4317-96d5a-661bc-66c36-54b05543a	1207	0		2019		0			Terrestrial		
284	f35a7655-4306b-31394-b89cc-8feaef976	284	0		2019	20	0			Terrestrial		
375	b6f9f068-14049-0ec30-77638-09e6630ed	375	0		2019	69	0			Terrestrial		
316	f35a7655-4306b-31394-b89cc-8feaef976	316	0		2019	17	0			Terrestrial		
1274	b9437d17-cab66-d23a1-3ecf6-11e47e3b0	1274	0		2019	112	0			Terrestrial		
603	00d4b9ea-8e777-a5ff9-d1ee9-395c03f40	603	0		2019	99	0			Terrestrial		
805	dde8e430-7487f-26e91-6d1eb-f1d324140	805	0		2019	10	0			Terrestrial		
993	bd9d7711-03b0b-c4cb2-2de26-a199b6b36	993	0		2019	116	0			Terrestrial		
119	b9a0faee-27c7e-94c8c-d97ff-2438f3615	119	0		2019	52	0			Terrestrial		
136	0827460b-c960f-669e6-a9ee8-7f105c3d7	136	0		2019	57	0			Terrestrial		
149	58740837-268b1-95d2d-881f0-44ef79a11	149	0		2019	6	0			Terrestrial		
331	f35a7655-4306b-31394-b89cc-8feaef976	331	0		2019	6	0			Terrestrial		
589	77a24fb5-73808-00131-9c2e3-3987611b9	589	0		2019	12	0			Terrestrial		
1093	16c4b02f-2e34e-99a80-522d6-bc6527ca3	1093	0		2019	42	0			Terrestrial		
1311	c9cae5de-ea97a-37905-a97b5-b274bfe7a	1311	0		2019	21	0			Terrestrial		
437	389	437	0		2019	91	0			Terrestrial		
1356	1238	1356	0		2019	21	0			Terrestrial		
1373	1271	1373	0		2019	21	0			Terrestrial		
147	58740837-268b1-95d2d-881f0-44ef79a11	147	0		2019	16	0			Terrestrial		
682	7ce99f06-635dd-3d710-7864b-db47fb37d	682	0		2019	10	0			Terrestrial		
747	7ce99f06-635dd-3d710-7864b-db47fb37d	747	0		2019	51	0			Terrestrial		
1357	1243	1357	0		2019	21	0			Terrestrial		
4	ca30a689-c8c10-832c6-154d9-dfccc60b1	4	0		2019	13	0			Terrestrial		
1174	feeccf2f-e2986-388df-ee099-6bb349c4c	1174	0		2019		0			Terrestrial		
1283	7006f9e3-2aa4e-3c91d-de563-7c57151bf	1283	0		2019	23	0			Terrestrial		
1323	075430b1-83ca4-d7bf6-0bcfe-9e99c476a	1323	0		2019	21	0			Terrestrial		
420	333	420	0		2019	6	0			Terrestrial		
382	6ec71731-98dcc-5be3f-a9515-b20c961f2	382	0		2019	61	0			Terrestrial		
1107	1045	1107	0		2019	136	0			Terrestrial		
1378	1301	1378	0		2019	21	0			Terrestrial		
338	f35a7655-4306b-31394-b89cc-8feaef976	338	0		2019	50	0			Terrestrial		
376	b6f9f068-14049-0ec30-77638-09e6630ed	376	0		2019	69	0			Terrestrial		
600	52d3d461-90674-05143-9b2c4-153853400	600	0		2019	12	0			Terrestrial		
1086	16c4b02f-2e34e-99a80-522d6-bc6527ca3	1086	0		2019	43	0			Terrestrial		
1267	b9437d17-cab66-d23a1-3ecf6-11e47e3b0	1267	0		2019		0			Terrestrial		
254	f35a7655-4306b-31394-b89cc-8feaef976	254	0		2019	28	0			Terrestrial		
1205	969ebf85-704d6-fe27a-78990-064e36cb9	1205	0		2019		0			Terrestrial		
1289	7006f9e3-2aa4e-3c91d-de563-7c57151bf	1289	0		2019	110	0			Terrestrial		
10	63f3fb75-7496a-d554b-31679-c98a4ffae	10	0		2019	16	0			Terrestrial		
159	f08be9bf-b731c-ce7c3-e1785-d4212004d	159	0		2019	62	0			Terrestrial		
807	dde8e430-7487f-26e91-6d1eb-f1d324140	807	0		2019	10	0			Terrestrial		
90	2114efff-daaad-16c12-4ade6-fc2f4617f	90	0		2019	22	0			Terrestrial		
1056	16c4b02f-2e34e-99a80-522d6-bc6527ca3	1056	0		2019	54	0			Terrestrial		
1279	7006f9e3-2aa4e-3c91d-de563-7c57151bf	1279	0		2019	23	0			Terrestrial		
1249	7fa24171-44e87-1edd7-e95d8-ffa9b2e44	1249	0		2019		0			Terrestrial		
1254	394f3f4a-fd3c0-10dd5-6151f-c6b10c415	1254	0		2019		0			Terrestrial		
663	77dcb8f6-f3fdf-3e709-2ce62-a82cd8f9b	663	0		2019	10	0			Terrestrial		
1080	16c4b02f-2e34e-99a80-522d6-bc6527ca3	1080	0		2019	23	0			Terrestrial		
1087	16c4b02f-2e34e-99a80-522d6-bc6527ca3	1087	0		2019	148	0			Terrestrial		
1270	b9437d17-cab66-d23a1-3ecf6-11e47e3b0	1270	0		2019	32	0			Terrestrial		
1275	7006f9e3-2aa4e-3c91d-de563-7c57151bf	1275	0		2019	112	0			Terrestrial		
1288	7006f9e3-2aa4e-3c91d-de563-7c57151bf	1288	0		2019	112	0			Terrestrial		
15	d5cc6683-cdf62-83703-166e9-e90e24e7b	15	0		2019	6	0			Terrestrial		
61	a8010abb-2d3a2-c0773-329a0-3790a9aa5	61	0		2019	28	0			Terrestrial		
112	b9a0faee-27c7e-94c8c-d97ff-2438f3615	112	0		2019	49	0			Terrestrial		
770	7ce99f06-635dd-3d710-7864b-db47fb37d	770	0		2019	10	0			Terrestrial		
1169	934542e7-beb71-e413e-cbe3e-24d8661b0	1169	0		2019		0			Terrestrial		
327	f35a7655-4306b-31394-b89cc-8feaef976	327	0		2019	6	0			Terrestrial		
369	e51f3d1e-a72bb-556ac-89f57-6f0aa5325	369	0		2019	67	0			Terrestrial		
1272	b9437d17-cab66-d23a1-3ecf6-11e47e3b0	1272	0		2019	8	0			Terrestrial		
1374	1277	1374	0		2019	8	0			Terrestrial		
1057	16c4b02f-2e34e-99a80-522d6-bc6527ca3	1057	0		2019	142	0			Terrestrial		
272	f35a7655-4306b-31394-b89cc-8feaef976	272	0		2019	33	0			Terrestrial		
307	f35a7655-4306b-31394-b89cc-8feaef976	307	0		2019	6	0			Terrestrial		
380	b6f9f068-14049-0ec30-77638-09e6630ed	380	0		2019	27	0			Terrestrial		
590	77a24fb5-73808-00131-9c2e3-3987611b9	590	0		2019	12	0			Terrestrial		
1016	80eae935-1372d-ed78b-e2c34-41fa94d85	1016	0		2019	124	0			Terrestrial		
1074	16c4b02f-2e34e-99a80-522d6-bc6527ca3	1074	0		2019	39	0			Terrestrial		
1227	b17522ca-36e49-15879-01600-3c9a5f3e5	1227	0		2019		0			Terrestrial		
7	63f3fb75-7496a-d554b-31679-c98a4ffae	7	0		2019	13	0			Terrestrial		
153	acd60744-38144-53fc4-f75a8-064b1d22b	153	0		2019	22	0			Terrestrial		
21	d5cc6683-cdf62-83703-166e9-e90e24e7b	21	0		2019	4	0			Terrestrial		
261	f35a7655-4306b-31394-b89cc-8feaef976	261	0		2019	50	0			Terrestrial		
1269	b9437d17-cab66-d23a1-3ecf6-11e47e3b0	1269	0		2019	6	0			Terrestrial		
1299	c9cae5de-ea97a-37905-a97b5-b274bfe7a	1299	0		2019	32	0			Terrestrial		
1329	075430b1-83ca4-d7bf6-0bcfe-9e99c476a	1329	0		2019	21	0			Terrestrial		
b9a0faee-27c7e-94c8c-d97ff-2438f3615	782c3247-85220-ede36-7d2a8-5219a9059	b9a0faee-27c7e-94c8c-d97ff-2438f3615	false									
151	58740837-268b1-95d2d-881f0-44ef79a11	151	0		2019	60	0			Terrestrial		
370	5ef4daeb-61f70-8bbd4-9e276-a93edeeaa	370	0		2019	22	0			Terrestrial		
1325	075430b1-83ca4-d7bf6-0bcfe-9e99c476a	1325	0		2019	21	0			Terrestrial		
32	a6e076b9-e1b6a-e8bfb-78a18-c84ca573b	32	0		2019	12	0			Terrestrial		
620	3bdae232-08c3a-2e508-13548-fb2433ff5	620	0		2019	10	0			Terrestrial		
1050	16c4b02f-2e34e-99a80-522d6-bc6527ca3	1050	0		2019	141	0			Terrestrial		
1186	406a3ba9-9947c-3d495-50624-ba7fd6b2a	1186	0		2019		0			Terrestrial		
1241	98bc0abb-3e27d-48462-7e9c1-3325d2f06	1241	0		2019		0			Terrestrial		
86	eab97acb-3abf1-ca2c5-7439f-d3f69762f	86	0		2019	37	0			Terrestrial		
138	58740837-268b1-95d2d-881f0-44ef79a11	138	0		2019	6	0			Terrestrial		
250	f35a7655-4306b-31394-b89cc-8feaef976	250	0		2019	20	0			Terrestrial		
7ce99f06-635dd-3d710-7864b-db47fb37d	71ea9aeb-63ac9-d81e8-5e227-225fab735	7ce99f06-635dd-3d710-7864b-db47fb37d	false									
1197	bb6fd331-b9a1c-55319-9241c-9fcb419cf	1197	0		2019		0			Terrestrial		
1307	c9cae5de-ea97a-37905-a97b5-b274bfe7a	1307	0		2019	32	0			Terrestrial		
11	63f3fb75-7496a-d554b-31679-c98a4ffae	11	0		2019	18	0			Terrestrial		
fa0889d7-bc581-0db76-5233e-f7d89d0a9	782c3247-85220-ede36-7d2a8-5219a9059	fa0889d7-bc581-0db76-5233e-f7d89d0a9	false									
230	f35a7655-4306b-31394-b89cc-8feaef976	230	0		2019	17	0			Terrestrial		
679	7ce99f06-635dd-3d710-7864b-db47fb37d	679	0		2019	49	0			Terrestrial		
1009	80eae935-1372d-ed78b-e2c34-41fa94d85	1009	0		2019	17	0			Terrestrial		
337	f35a7655-4306b-31394-b89cc-8feaef976	337	0		2019	6	0			Terrestrial		
1326	075430b1-83ca4-d7bf6-0bcfe-9e99c476a	1326	0		2019	21	0			Terrestrial		
1358	1243	1358	0		2019	21	0			Terrestrial		
251	f35a7655-4306b-31394-b89cc-8feaef976	251	0		2019	17	0			Terrestrial		
702	7ce99f06-635dd-3d710-7864b-db47fb37d	702	0		2019	6	0			Terrestrial		
1040	80eae935-1372d-ed78b-e2c34-41fa94d85	1040	0		2019	138	0			Terrestrial		
1215	b17522ca-36e49-15879-01600-3c9a5f3e5	1215	0		2019		0			Terrestrial		
227	f35a7655-4306b-31394-b89cc-8feaef976	227	0		2019	72	0			Terrestrial		
271	f35a7655-4306b-31394-b89cc-8feaef976	271	0		2019	6	0			Terrestrial		
335	f35a7655-4306b-31394-b89cc-8feaef976	335	0		2019	6	0			Terrestrial		
425	361	425	0		2019	69	0			Terrestrial		
1110	1051	1110	0		2019	23	0			Terrestrial		
393	91	393	0		2019	22	0			Terrestrial		
428	362	428	0		2019	69	0			Terrestrial		
176	2504265a-9425c-1c13b-eb604-b698fdc62	176	0		2019	6	0			Terrestrial		
181	2504265a-9425c-1c13b-eb604-b698fdc62	181	0		2019	69	0			Terrestrial		
630	bccd6869-ed1de-feb4a-db664-fb175e8bd	630	0		2019	12	0			Terrestrial		
708	7ce99f06-635dd-3d710-7864b-db47fb37d	708	0		2019	6	0			Terrestrial		
1260	b9437d17-cab66-d23a1-3ecf6-11e47e3b0	1260	0		2019		0			Terrestrial		
154	acd60744-38144-53fc4-f75a8-064b1d22b	154	0		2019	61	0			Terrestrial		
347	e51f3d1e-a72bb-556ac-89f57-6f0aa5325	347	0		2019	46	0			Terrestrial		
4e1c6780-ee556-78401-d9679-8b1ba0fd5	269ce968-6ba08-87132-21a63-e1170048f	4e1c6780-ee556-78401-d9679-8b1ba0fd5	false									
354	e51f3d1e-a72bb-556ac-89f57-6f0aa5325	354	0		2019	69	0			Terrestrial		
607	d97d614f-b2f4e-d6f3b-b31ac-a9443eb53	607	0		2019	12	0			Terrestrial		
688	7ce99f06-635dd-3d710-7864b-db47fb37d	688	0		2019	10	0			Terrestrial		
1037	80eae935-1372d-ed78b-e2c34-41fa94d85	1037	0		2019	137	0			Terrestrial		
1184	406a3ba9-9947c-3d495-50624-ba7fd6b2a	1184	0		2019		0			Terrestrial		
217	f35a7655-4306b-31394-b89cc-8feaef976	217	0		2019	70	0			Terrestrial		
6ec71731-98dcc-5be3f-a9515-b20c961f2	d1734b8c-7b16d-2d726-61b0c-05822e35b	6ec71731-98dcc-5be3f-a9515-b20c961f2	false									
383	6ec71731-98dcc-5be3f-a9515-b20c961f2	383	0		2019	88	0			Terrestrial		
324	f35a7655-4306b-31394-b89cc-8feaef976	324	0		2019	28	0			Terrestrial		
1061	16c4b02f-2e34e-99a80-522d6-bc6527ca3	1061	0		2019	144	0			Terrestrial		
395	130	395	0		2019	55	0			Terrestrial		
70	a8010abb-2d3a2-c0773-329a0-3790a9aa5	70	0		2019	33	0			Terrestrial		
6c7399d9-283f8-38c4a-93f76-6d6eb1a99	bdeddb26-59423-bedcb-9b38d-a2748bc36	6c7399d9-283f8-38c4a-93f76-6d6eb1a99	false									
1212	b17522ca-36e49-15879-01600-3c9a5f3e5	1212	0		2019		0			Terrestrial		
1316	c3c4dd8b-da826-04c46-9f09f-1d738ea89	1316	0		2019	21	0			Terrestrial		
269ce968-6ba08-87132-21a63-e1170048f	7a272cd5-68f1f-cb5d6-b0293-75834f71b	269ce968-6ba08-87132-21a63-e1170048f	false									
14	63f3fb75-7496a-d554b-31679-c98a4ffae	14	0		2019	16	0			Terrestrial		
279	f35a7655-4306b-31394-b89cc-8feaef976	279	0		2019	28	0			Terrestrial		
381	9f71199c-ca0be-c7b15-6a74b-8f33f4fd4	381	0		2019	69	0			Terrestrial		
724	7ce99f06-635dd-3d710-7864b-db47fb37d	724	0		2019	6	0			Terrestrial		
716	7ce99f06-635dd-3d710-7864b-db47fb37d	716	0		2019	10	0			Terrestrial		
1036	80eae935-1372d-ed78b-e2c34-41fa94d85	1036	0		2019	48	0			Terrestrial		
1070	16c4b02f-2e34e-99a80-522d6-bc6527ca3	1070	0		2019	48	0			Terrestrial		
41	26cb4575-418be-5c379-524aa-bef4fd5b2	41	0		2019	12	0			Terrestrial		
126	c2ab9812-bb3da-1dcca-95259-a9c2f99ff	126	0		2019	10	0			Terrestrial		
2504265a-9425c-1c13b-eb604-b698fdc62	e764f3aa-700f3-5d902-883eb-f09919bb2	2504265a-9425c-1c13b-eb604-b698fdc62	false									
205	f35a7655-4306b-31394-b89cc-8feaef976	205	0		2019	6	0			Terrestrial		
326	f35a7655-4306b-31394-b89cc-8feaef976	326	0		2019	6	0			Terrestrial		
1082	16c4b02f-2e34e-99a80-522d6-bc6527ca3	1082	0		2019	131	0			Terrestrial		
1211	b17522ca-36e49-15879-01600-3c9a5f3e5	1211	0		2019		0			Terrestrial		
68	a8010abb-2d3a2-c0773-329a0-3790a9aa5	68	0		2019	32	0			Terrestrial		
1011	80eae935-1372d-ed78b-e2c34-41fa94d85	1011	0		2019	17	0			Terrestrial		
1059	16c4b02f-2e34e-99a80-522d6-bc6527ca3	1059	0		2019	138	0			Terrestrial		
8	63f3fb75-7496a-d554b-31679-c98a4ffae	8	0		2019	15	0			Terrestrial		
287	f35a7655-4306b-31394-b89cc-8feaef976	287	0		2019	17	0			Terrestrial		
1090	16c4b02f-2e34e-99a80-522d6-bc6527ca3	1090	0		2019	87	0			Terrestrial		
c3c4dd8b-da826-04c46-9f09f-1d738ea89	4b066f9e-abc04-d7836-1b8d7-d5f58598f	c3c4dd8b-da826-04c46-9f09f-1d738ea89	false									
782c3247-85220-ede36-7d2a8-5219a9059	e764f3aa-700f3-5d902-883eb-f09919bb2	782c3247-85220-ede36-7d2a8-5219a9059	false									
800	dde8e430-7487f-26e91-6d1eb-f1d324140	800	0		2019	10	0			Terrestrial		
1171	2646b4b8-2dea4-3329e-a87f9-832f65e51	1171	0		2019		0			Terrestrial		
403	153	403	0		2019	61	0			Terrestrial		
1108	1045	1108	0		2019	17	0			Terrestrial		
17	d5cc6683-cdf62-83703-166e9-e90e24e7b	17	0		2019	6	0			Terrestrial		
357	e51f3d1e-a72bb-556ac-89f57-6f0aa5325	357	0		2019	69	0			Terrestrial		
742	7ce99f06-635dd-3d710-7864b-db47fb37d	742	0		2019	10	0			Terrestrial		
817	dde8e430-7487f-26e91-6d1eb-f1d324140	817	0		2019	10	0			Terrestrial		
1206	969ebf85-704d6-fe27a-78990-064e36cb9	1206	0		2019		0			Terrestrial		
52d3d461-90674-05143-9b2c4-153853400	bdeddb26-59423-bedcb-9b38d-a2748bc36	52d3d461-90674-05143-9b2c4-153853400	false									
786	7ce99f06-635dd-3d710-7864b-db47fb37d	786	0		2019	20	0			Terrestrial		
793	13d38982-68cef-ab5af-4d99e-6bf63b948	793	0		2019	26	0			Terrestrial		
1058	16c4b02f-2e34e-99a80-522d6-bc6527ca3	1058	0		2019	43	0			Terrestrial		
1192	406a3ba9-9947c-3d495-50624-ba7fd6b2a	1192	0		2019		0			Terrestrial		
0cde6156-9748a-28d2f-c2c5c-c6809f046	4b066f9e-abc04-d7836-1b8d7-d5f58598f	0cde6156-9748a-28d2f-c2c5c-c6809f046	false									
303	f35a7655-4306b-31394-b89cc-8feaef976	303	0		2019	16	0			Terrestrial		
318	f35a7655-4306b-31394-b89cc-8feaef976	318	0		2019	28	0			Terrestrial		
621	3bdae232-08c3a-2e508-13548-fb2433ff5	621	0		2019	10	0			Terrestrial		
641	52f98d15-6d070-2fcf1-fcb43-c1b3d82f8	641	0		2019	6	0			Terrestrial		
731	7ce99f06-635dd-3d710-7864b-db47fb37d	731	0		2019	16	0			Terrestrial		
1239	0cde6156-9748a-28d2f-c2c5c-c6809f046	1239	0		2019		0			Terrestrial		
1263	b9437d17-cab66-d23a1-3ecf6-11e47e3b0	1263	0		2019		0			Terrestrial		
1276	7006f9e3-2aa4e-3c91d-de563-7c57151bf	1276	0		2019	23	0			Terrestrial		
89	2114efff-daaad-16c12-4ade6-fc2f4617f	89	0		2019	22	0			Terrestrial		
295	f35a7655-4306b-31394-b89cc-8feaef976	295	0		2019	6	0			Terrestrial		
364	e51f3d1e-a72bb-556ac-89f57-6f0aa5325	364	0		2019	83	0			Terrestrial		
616	3bdae232-08c3a-2e508-13548-fb2433ff5	616	0		2019	10	0			Terrestrial		
755	7ce99f06-635dd-3d710-7864b-db47fb37d	755	0		2019	10	0			Terrestrial		
438	390	438	0		2019	69	0			Terrestrial		
831	758	831	0		2019	10	0			Terrestrial		
299	f35a7655-4306b-31394-b89cc-8feaef976	299	0		2019	20	0			Terrestrial		
35	7e7a8932-a40d0-09e88-9e36f-54875330a	35	0		2019	15	0			Terrestrial		
97	43a9c281-b9182-d38b6-1ada7-a23a8984f	97	0		2019	44	0			Terrestrial		
200	f35a7655-4306b-31394-b89cc-8feaef976	200	0		2019	6	0			Terrestrial		
202	f35a7655-4306b-31394-b89cc-8feaef976	202	0		2019	6	0			Terrestrial		
222	f35a7655-4306b-31394-b89cc-8feaef976	222	0		2019	6	0			Terrestrial		
6	ca30a689-c8c10-832c6-154d9-dfccc60b1	6	0		2019	13	0			Terrestrial		
623	3bdae232-08c3a-2e508-13548-fb2433ff5	623	0		2019	10	0			Terrestrial		
757	7ce99f06-635dd-3d710-7864b-db47fb37d	757	0		2019	10	0			Terrestrial		
1109	1045	1109	0		2019	121	0			Terrestrial		
430	368	430	0		2019	69	0			Terrestrial		
